Code;Territoire;Commune;#femmes colloc dans commune;% de femmes de la commune dans secteur stat;#femmes colloc dans secteur stat
21001A041;VEEWEYDE-SUD;Anderlecht;1387;0,022403089;31,07308467
21001A472;STADE COMMUNAL - INDUSTRIE;Anderlecht;1387;0,007206937;9,996022037
21001A83-;PETERBOS;Anderlecht;1387;0,028161981;39,0606681
21001A503;VIVES;Anderlecht;1387;0,015379238;21,33100315
21001A3MJ;CERIA I;Anderlecht;1387;8,3221E-05;0,115427506
21001A331;WALCOURT;Anderlecht;1387;0,001281603;1,777583595
21001A332;ROUE;Anderlecht;1387;0,009820076;13,62044573
21001A43-;VAN BEETHOVEN;Anderlecht;1387;0,01170087;16,22910737
21001A401;ARBORETUM;Anderlecht;1387;0,007023851;9,742081523
21001A32-;AURORE;Anderlecht;1387;0,036816964;51,06512874
21001A53-;NELLIE MELBA;Anderlecht;1387;0,003545214;4,917211764
21001A41-;ROMAIN ROLLAND;Anderlecht;1387;0,021704033;30,10349362
21001A492;ETANGS - PARC;Anderlecht;1387;0;0
21001A37-;ZUEN - INDUSTRIE;Anderlecht;1387;0,000149798;0,207769511
21001A85-;AUBADE;Anderlecht;1387;0,005559162;7,710557414
21001B3MJ;PETITE ILE - RIVE DROITE;Anderlecht;1387;0,001131805;1,569814084
21001A51-;SCHERDEMAEL;Anderlecht;1387;0,013648242;18,93011102
21001A42-;KAT;Anderlecht;1387;0,004710308;6,533196851
21001A52-;SCHERDEMAEL-NORD;Anderlecht;1387;0,004493933;6,233085335
21001C70-;BON AIR - CENTRE;Anderlecht;1387;0,002529918;3,508996188
21001A552;TREFLE;Anderlecht;1387;0,021837186;30,28817763
21001A84-;POESIE;Anderlecht;1387;0,010535777;14,61312228
21001A34-;ROUE - CITE JARDIN;Anderlecht;1387;0,019174115;26,59449743
21001A350;CERIA - ZONE D'HABITAT;Anderlecht;1387;0,010535777;14,61312228
21001A441;DOCTEUR ROUX;Anderlecht;1387;0,018841231;26,1327874
21001C512;CHANTS D'OISEAUX;Anderlecht;1387;0,014613605;20,26907009
21001C71-;BON AIR - CITE JARDIN;Anderlecht;1387;0,012466504;17,29104043
21001A82-;MOORTEBEEK;Anderlecht;1387;0,015828631;21,95431168
21001C611;SOETKIN;Anderlecht;1387;0,004627087;6,417769345
21001C581;CIMETIERE;Anderlecht;1387;0,000449393;0,623308533
21001C522;HOPITAL U.L.B.;Anderlecht;1387;0,001930727;2,677918144
21001A451;VENIZELOS;Anderlecht;1387;0,014130923;19,59959055
21001A30-;BIZET;Anderlecht;1387;0,023401741;32,45821474
21001A80-;SILLON;Anderlecht;1387;0,026797157;37,167657
21001A81-;BROECK;Anderlecht;1387;0,016744062;23,22401425
21001C79-;BON AIR - HABITATIONS DISP.;Anderlecht;1387;0,00134818;1,8699256
21001A31-;CHAUSSEE DE MONS - SAINT-LUC;Anderlecht;1387;0,006990563;9,695910521
21001A031;RAUTER-SUD;Anderlecht;1387;0,015662189;21,72345667
21001B22-;BROGNIEZ-SUD;Anderlecht;1387;0,010602353;14,70546429
21001B321;ALBERT I- QUARTIER;Anderlecht;1387;0,015329305;21,26174664
21001B20-;CONSEIL-NORD;Anderlecht;1387;0,042858807;59,44516569
21001B23-;CONSEIL-SUD;Anderlecht;1387;0,011284766;15,65196984
21001A142;VEEWEYDE-NORD;Anderlecht;1387;0,010036451;13,92055725
21001A051;LINDE-EST;Anderlecht;1387;0,012516436;17,36029693
21001A941;CROCUS;Anderlecht;1387;0,02010619;27,8872855
21001A732;SCHEUTVELD;Anderlecht;1387;0,002812869;3,90144971
21001A982;PARC FORESTIER;Anderlecht;1387;0;0
21001A90-;SCHEUTKAPEL;Anderlecht;1387;0,01875801;26,0173599
21001A783;SCHEUT-INTERNAT;Anderlecht;1387;0;0
21001A132;RAUTER-NORD;Anderlecht;1387;0,008305454;11,51966512
21001B31-;ALBERT I- IMMEUBLES;Anderlecht;1387;0,007806128;10,82710008
21001B25-;REVISION-NORD;Anderlecht;1387;0,030192573;41,87709925
21001B11-;ROSEE-OUEST;Anderlecht;1387;0,006125064;8,495464456
21001A72-;OSSEGEM;Anderlecht;1387;0,027762521;38,50661607
21001A011;KLEINMOLEN;Anderlecht;1387;0,025199314;34,95144888
21001B17-;ABATTOIR;Anderlecht;1387;0,00828881;11,49657962
21001A712;SCHEUT - DE SMET;Anderlecht;1387;0,007905994;10,96561309
21001A07-;BIRMINGHAM;Anderlecht;1387;0,002646427;3,670594697
21001B21-;BROGNIEZ-NORD;Anderlecht;1387;0,026447629;36,68286147
21001A911;SCHEUT-EST;Anderlecht;1387;0,01824204;25,30170936
21001A931;AGRAFE-NORBERT GILLE;Anderlecht;1387;0,016344601;22,66996222
21001A74-;SCHEUT-OUEST;Anderlecht;1387;0,022203359;30,79605865
21001A92-;JAKOB SMITS;Anderlecht;1387;0,030342371;42,08486876
21001A00-;RESISTANCE;Anderlecht;1387;0,022436378;31,11925567
21001A08-;ASTRID (PARC);Anderlecht;1387;1,66442E-05;0,023085501
21001A95-;BUFFON;Anderlecht;1387;0,026880378;37,2830845
21001B10-;ROSEE-EST;Anderlecht;1387;0,020688737;28,69527804
21001B332;GOUJONS;Anderlecht;1387;0,009354039;12,9740517
21001B241;REVISION-SUD;Anderlecht;1387;0,015762055;21,86196967
21001B372;DEUX GARES;Anderlecht;1387;0,000499326;0,692565037
21001A10-;PORSELEIN;Anderlecht;1387;0,008854713;12,28148666
21001A120;MINIMES;Anderlecht;1387;0,028361712;39,33769411
21001A152;LINDE-OUEST;Anderlecht;1387;0,011367987;15,76739735
21001A02-;WAYEZ;Anderlecht;1387;0,007656331;10,61933057
21001A112;BIESTEBROEK;Anderlecht;1387;0,023102145;32,04267572
21002A20-;SAINT-JULIEN;Auderghem;547;0,033694614;18,43095412
21002A53-;PECHERIES;Auderghem;547;0,04110743;22,48576403
21002A511;INVALIDES (BOULEVARD DES);Auderghem;547;0,076823721;42,02257539
21002A23-;TH. BALIS (PLACE);Auderghem;547;0,040321222;22,05570843
21002A22-;CANARIS (AVENUE DES);Auderghem;547;0,025270961;13,82321559
21002A24-;AVENUE DE BROUCKERE;Auderghem;547;0,040826641;22,33217274
21002A25-;WATERMAEL (CHAUSSEE DE);Auderghem;547;0,041725164;22,82366485
21002A45-;VAL DUC;Auderghem;547;0,022968496;12,56376706
21002A441;CHANT D'OISEAUX;Auderghem;547;0,034705453;18,98388274
21002A482;VAL DUCHESSE;Auderghem;547;0,000112315;0,061436514
21002A190;FORET DE SOIGNES;Auderghem;547;0,001066996;0,58364688
21002A130;PARC DES PRINCES;Auderghem;547;0,037625653;20,5812321
21002A572;DEPOT METRO;Auderghem;547;0;0
21002A311;AMITIE (PLACE DE L');Auderghem;547;0,03015668;16,49570394
21002A372;QUARTIER INDUSTRIE;Auderghem;547;0,018026619;9,860560454
21002A492;WOLUWE PARC;Auderghem;547;0,000280788;0,153591284
21002A30-;TRIOMPHE (BOULEVARD DU);Auderghem;547;0,035098557;19,19891054
21002A21-;LEBON;Auderghem;547;0,09923064;54,27915988
21002A411;PUTDAAL;Auderghem;547;0,019037457;10,41348908
21002A00-;CENTRE - NORD;Auderghem;547;0,032627618;17,84730724
21002A39-;CHEMIN DE FER;Auderghem;547;0;0
21002A18-;ROUGE CLOITRE;Auderghem;547;0,000112315;0,061436514
21002A02-;CENTRE-SUD;Auderghem;547;0,032852249;17,97018027
21002A030;LAMMERENDRIES;Auderghem;547;0,05885326;32,19273319
21002A15-;SOUVERAIN (BLV DU)- BUILDINGS;Auderghem;547;0,004661088;2,54961532
21002A11-;SACRE-COEUR;Auderghem;547;0,030605941;16,74144999
21002A10-;TRANSVAAL;Auderghem;547;0,078283821;42,82125007
21002A14-;TEN REUKEN;Auderghem;547;0,011231538;6,143651373
21002A12-;AVENUE SCHALLER;Auderghem;547;0,044589206;24,39029595
21002A43-;SOUVERAIN (BOULEVARD DU) NORD;Auderghem;547;0,044589206;24,39029595
21002A091;TROIS COULEURS;Auderghem;547;0;0
21002A422;AVENUE IS.GERARD;Auderghem;547;0,003931038;2,150277981
21002A072;CENTRE COMMERCIAL;Auderghem;547;0,002751727;1,505194586
21002A041;VIGNETTE;Auderghem;547;0,0160611;8,785421463
21002A01-;SAINTE-ANNE;Auderghem;547;0,019992138;10,93569944
21002A52-;BEAULIEU;Auderghem;547;0,019992138;10,93569944
21003A38-;KONINCKXBOS;Berchem Sainte-Agathe;229;0,007082916;1,621987836
21003A312;POTAARDE  VLAK;Berchem Sainte-Agathe;229;0,085841866;19,65778736
21003A323;SEPT ETOILES;Berchem Sainte-Agathe;229;0,038417122;8,797520979
21003A342;HOGENBOS;Berchem Sainte-Agathe;229;0,035568558;8,145199784
21003A331;ALLEE VERTE;Berchem Sainte-Agathe;229;0,029101547;6,664254369
21003A04-;L. DE SMET;Berchem Sainte-Agathe;229;0,043729309;10,01401186
21003A0AJ;HUNDERENVELD;Berchem Sainte-Agathe;229;0,04326738;9,908230041
21003A02-;LAURE - BASILIQUE;Berchem Sainte-Agathe;229;0,125259835;28,68450227
21003A03-;HAUT-CHAMP;Berchem Sainte-Agathe;229;0,07398568;16,94272076
21003A011;MOLENBERG;Berchem Sainte-Agathe;229;0,065439988;14,98575718
21003A212;CLOS DU ZAVELENBERG;Berchem Sainte-Agathe;229;0,026252983;6,011933174
21003A00-;CENTRE;Berchem Sainte-Agathe;229;0,119947648;27,46801139
21003A283;ZAVELENBERG;Berchem Sainte-Agathe;229;0,010239433;2,344830241
21003A11-;CITE MODERNE;Berchem Sainte-Agathe;229;0,035876511;8,215720995
21003A05-;DE SELLIERS DE MORANVILLE;Berchem Sainte-Agathe;229;0,076064362;17,41873893
21003A41-;MONNET;Berchem Sainte-Agathe;229;0,031719147;7,263684656
21003A2MJ;GARE;Berchem Sainte-Agathe;229;0,018246208;4,178381708
21003A10-;HOPITAL FRANCAIS;Berchem Sainte-Agathe;229;0,13326661;30,51805374
21004B421;MARIE-LOUISE (SQUARE);Bruxelles;2887;0,019941995;57,57253985
21004B411;DEUX EGLISES (RUE DES);Bruxelles;2887;0,008397221;24,24277749
21004F511;AVENUE DES PAGODES;Bruxelles;2887;0,010735403;30,99310911
21004C62-;BOENDAAL-OUEST;Bruxelles;2887;0,003934441;11,35873109
21004C65-;VIVIER D'OIE;Bruxelles;2887;0,002113357;6,101261269
21004G310;HAREN-SUD-OUEST;Bruxelles;2887;0,006182693;17,84943456
21004D6MJ;QUAI DES USINES - MONNOYER;Bruxelles;2887;5,62063E-05;0,162267587
21004F94-;VAL MARIA;Bruxelles;2887;0,005328357;15,38296724
21004F901;PLACE PETER BENOIT;Bruxelles;2887;0,011825805;34,14110029
21004G371;GARE DE FORMATION;Bruxelles;2887;3,37238E-05;0,097360552
21004G30-;SAINTE-ELISABETH;Bruxelles;2887;0,018964005;54,74908384
21004F930;COIN DES CERISES;Bruxelles;2887;0,012252973;35,37433396
21004G321;HAREN-EST;Bruxelles;2887;0,00598035;17,26527125
21004B2WJ;RUE DE PASCAL - ST.-SACREMENT;Bruxelles;2887;0,00196722;5,679365543
21004B45-;ECOLE MILITAIRE;Bruxelles;2887;0,008532116;24,6322197
21004B49-;CINQUANTENAIRE (PARC DU);Bruxelles;2887;8,99301E-05;0,259628139
21004B1MJ;RUE JOSEPH II;Bruxelles;2887;0;0
21004A25-;BEGUINAGE (PLACE DU);Bruxelles;2887;0,009206592;26,57943074
21004B2MJ;SCHUMAN (ROND-POINT);Bruxelles;2887;0,00330493;9,541334113
21004B44-;AMBIORIX-SUD (SQUARE);Bruxelles;2887;0,016356033;47,2198678
21004B43-;AMBIORIX-NORD (SQUARE);Bruxelles;2887;0,031801524;91,8110007
21004B293;LEOPOLD (PARC);Bruxelles;2887;0,000876818;2,531374356
21004A24-;MARCHE AU PORCS;Bruxelles;2887;0,017716226;51,14674341
21004F970;MARLY-NORD;Bruxelles;2887;0,000955507;2,758548978
21004A35-;AD. MAX (BOULEVARD);Bruxelles;2887;0,006126487;17,68716698
21004A83-;E. JACQMAIN (BOULEVARD)-OUEST;Bruxelles;2887;0,007464197;21,54913555
21004F994;TRASSERSWEG - NEDER-HEEMBEEK;Bruxelles;2887;0,00053958;1,557768835
21004F531;RUE DES FAINES;Bruxelles;2887;0,016558376;47,80403112
21004E180;DOMAINE ROYALE;Bruxelles;2887;0,000157378;0,454349243
21004E292;AVENUE DES CROIX DU FEU;Bruxelles;2887;3,37238E-05;0,097360552
21004G3MJ;DOBBELENBERG (RUE DE);Bruxelles;2887;0,002799074;8,08092583
21004F572;MARLY-SUD;Bruxelles;2887;0,000258549;0,7464309
21004F91-;CROIX DE GUERRE (AVENUE DES);Bruxelles;2887;0,016142449;46,60325097
21004F922;RUE CHATEAU BEYAERD;Bruxelles;2887;0,017075474;49,29689292
21004G3NJ;HAREN-SUD;Bruxelles;2887;0,002180804;6,295982374
21004C642;AVENUE FRANKLIN ROOSEVELT;Bruxelles;2887;0,002259493;6,523156995
21004C591;CAMBRE (BOIS DE LA);Bruxelles;2887;0;0
21004C61-;U.L.B.;Bruxelles;2887;0,005305875;15,31806021
21004C54-;LOUISE (AVENUE)-SUD-EST;Bruxelles;2887;0,010162099;29,33797972
21004C63-;NATIONS (SQUARE DES);Bruxelles;2887;0,007868882;22,71746217
21004B2NJ;CITE DE LA CHAUSSEE;Bruxelles;2887;0,001899773;5,484644439
21004B13-;TREVES (RUE DE);Bruxelles;2887;0,002214528;6,393342926
21004F953;RUE DU WIMPELBERG;Bruxelles;2887;0,008498392;24,53485915
21004F9MJ;NEDER-HEEMBEEK-NORD;Bruxelles;2887;0,008251085;23,82088176
21004A02-;SAINT-FRANCOIS XAVIER;Bruxelles;2887;0,008790665;25,3786506
21004A70-;BLAES (RUE)-SUD;Bruxelles;2887;0,026079723;75,29216035
21004A1MJ;COLONIES (RUE DES);Bruxelles;2887;0,000202343;0,584163313
21004A03-;BON SECOURS - PALAIS DU MIDI;Bruxelles;2887;0,010105893;29,17571213
21004A19-;PALAIS ROYAL;Bruxelles;2887;0,000236066;0,681523865
21004A23-;NOUVEAU MARCHE AU GRAIN;Bruxelles;2887;0,017289058;49,91350975
21004A10-;GARE CENTRALE;Bruxelles;2887;0,000382203;1,103419591
21004A01-;VIEILLE HALLE AUX BLES;Bruxelles;2887;0,004563952;13,17612806
21004A22-;SENNE (RUE DE LA);Bruxelles;2887;0,018986488;54,81399087
21004B10-;ORBAN (SQUARE);Bruxelles;2887;0,002248252;6,490703478
21004A72-;SAINT-THOMAS (INSTITUT);Bruxelles;2887;0,008329774;24,04805639
21004A71-;BLAES (RUE)-CENTRE;Bruxelles;2887;0,00865577;24,98920839
21004A002;BOURSE;Bruxelles;2887;0,002619214;7,561669552
21004A34-;MONNAIE;Bruxelles;2887;0,004563952;13,17612806
21004A15-;JACOBS (PLACE);Bruxelles;2887;0,00312507;9,022077834
21004A04-;NOTRE-DAME DE LA CHAPELLE;Bruxelles;2887;0,006373794;18,40114436
21004A16-;PALAIS JUSTICE-HOP. ST.-PIERRE;Bruxelles;2887;0,012331662;35,60150858
21004A20-;BOURSE-NORD-OUEST;Bruxelles;2887;0,012736347;36,7698352
21004A14-;GRAND SABLON;Bruxelles;2887;0,009600036;27,71530385
21004A001;GRAND-PLACE;Bruxelles;2887;0,003642168;10,51493963
21004A32-;CONGRES - GARE;Bruxelles;2887;0,006654826;19,2124823
21004A30-;SAINT-MICHEL ET GUDULE;Bruxelles;2887;6,74476E-05;0,194721104
21004C52-;LOUISE (AVENUE)-NORD-OUEST;Bruxelles;2887;0,00677848;19,56947099
21004A12-;REGENT (BOULEVARD DU);Bruxelles;2887;0,000730682;2,10947863
21004C552;LOUISE (AVENUE)-SUD;Bruxelles;2887;0,00963376;27,8126644
21004B112;RUE DU COMMERCE;Bruxelles;2887;0,000213584;0,61661683
21004A3MJ;CITE ADMINISTRATIVE ET CONGRES;Bruxelles;2887;0,000595787;1,720036422
21004C51-;LOUISE (AVENUE)-NORD-EST;Bruxelles;2887;0,00589042;17,00564311
21004A33-;LIBERTE (PLACE DE LA);Bruxelles;2887;0,012432833;35,89359023
21004C53-;LOUISE (AVENUE)-SUD-OUEST;Bruxelles;2887;0,004474021;12,91649992
21004C501;LOUISE (AVENUE)-NORD;Bruxelles;2887;0,00339486;9,800962252
21004A21-;ANNEESSENS (PLACE);Bruxelles;2887;0,033161717;95,7378763
21004A13-;PETIT SABLON;Bruxelles;2887;0,005058567;14,60408283
21004E70-;MARIE-CHRISTINE (RUE);Bruxelles;2887;0,030396367;87,75431102
21004E74-;EM. DELVA (RUE);Bruxelles;2887;0,045560826;131,534106
21004E201;AVENUE JEAN DE BOLOGNE;Bruxelles;2887;0,032161245;92,84951325
21004E83-;STIENON (AVENUE);Bruxelles;2887;0,025798692;74,48082241
21004E8MJ;HEYSEL;Bruxelles;2887;0,001371434;3,959329122
21004E130;SACRE-COEUR;Bruxelles;2887;0,02935093;84,73613391
21004E73-;EM. BOCKSTAEL (BOULEVARD)-SUD;Bruxelles;2887;0,021009915;60,655624
21004E72-;MAISON ROUGE (PLACE)-SUD;Bruxelles;2887;0,033083028;95,51070168
21004E193;N.D. DE LAEKEN;Bruxelles;2887;0;0
21004D64-;MASUI (PLACE)-NORD;Bruxelles;2887;0,005676836;16,38902628
21004E112;RUE DES CHRYSANTHEMES;Bruxelles;2887;0,002990175;8,632635626
21004D62-;ANVERS (CHAUSSEE D')-NORD;Bruxelles;2887;0,018941523;54,6841768
21004E211;RUE DE WAND;Bruxelles;2887;0,005463252;15,77240945
21004D631;ALLEE VERTE - BASSIN VERGOTE;Bruxelles;2887;0,002742867;7,918658243
21004E12-;PRINCE LEOPOLD (SQUARE);Bruxelles;2887;0,031082084;89,73397558
21004D6NJ;TOUR ET TAXIS;Bruxelles;2887;0,001686189;4,868027609
21004A822;RUE DES COMMERCANTS;Bruxelles;2887;0,00294521;8,502821556
21004E800;DIVIN JESUS;Bruxelles;2887;0,007351784;21,22460037
21004E233;DE MEYSSE (AVENUE);Bruxelles;2887;0,00410306;11,84553385
21004E101;PARVIS NOTRE DAME;Bruxelles;2887;0,011983183;34,59544954
21004A811;QUAI DU COMMERCE;Bruxelles;2887;0,013871715;40,04764046
21004D672;QUAI DE WILLEBROECK;Bruxelles;2887;0,006193934;17,88188808
21004E14-;ECOLE DES CADETS;Bruxelles;2887;0,016356033;47,2198678
21004F522;AVENUE DE VERSAILLES;Bruxelles;2887;0,014602397;42,15711909
21004E82-;CITE MODELE;Bruxelles;2887;0,021740597;62,76510263
21004E222;MUTSAARD (AVENUE);Bruxelles;2887;0,0158839;45,85682007
21004E81-;DISQUE (RUE DU);Bruxelles;2887;0,008644529;24,95675487
21004D600;PARVIS SAINT-ROCH;Bruxelles;2887;0,007216889;20,83515816
21004D610;ANVERS (CHAUSSEE D')-SUD;Bruxelles;2887;0,015985072;46,14890173
21004E8NJ;HOPITAL BRUGMANN;Bruxelles;2887;0,000191101;0,551709796
21005A10-;GENERAL HENRI (RUE);Etterbeek;1188;0,073332006;87,11842262
21005A042;PH. BAUCQ (RUE);Etterbeek;1188;0,087472615;103,9174666
21005A02-;CHAMP DU ROI (RUE);Etterbeek;1188;0,05954989;70,74526987
21005A33-;CARDINAL LAVIGERIE (RUE);Etterbeek;1188;0,031746664;37,71503685
21005A14-;ARMEE (AVENUE DE L');Etterbeek;1188;0,068193587;81,01398128
21005A13-;LA CHASSE;Etterbeek;1188;0,029675363;35,25433181
21005A082;COURS ST-MICHEL;Etterbeek;1188;0,005974905;7,098187612
21005A01-;SAINTE-GERTRUDE;Etterbeek;1188;0,072097192;85,65146385
21005A322;NOUVELLE AVENUE-SUD;Etterbeek;1188;0,008205537;9,748177654
21005A311;CASERNE (Etterbeek);Etterbeek;1188;0,036327425;43,15698068
21005A20-;PORTE DE TERVUEREN - TONGRES;Etterbeek;1188;0,038558056;45,80697072
21005A15-;SAINT-MICHEL COLLEGE;Etterbeek;1188;0,041943836;49,82927704
21005A031;MAELBEEK;Etterbeek;1188;0,034893448;41,45341565
21005A051;RINSDELLE;Etterbeek;1188;0,091933878;109,2174467
21005A11-;NOTRE-DAME DU SACRE-COEUR;Etterbeek;1188;0,069906393;83,04879506
21005A00-;HOTEL COMMUNAL;Etterbeek;1188;0,078311093;93,03357897
21005A29-;CINQUANTENAIRE (PARC);Etterbeek;1188;0;0
21005A12-;SAINT-ANTOINE;Etterbeek;1188;0,132961561;157,958335
21005A22-;PORTE DE TERVUEREN - L. DE LAN;Etterbeek;1188;0,022226648;26,40525792
21005A21-;PORTE DE TERVUEREN - BRAFFORT;Etterbeek;1188;0,016132245;19,16510655
21006A12-;GERMINAL I;Evere;467;0,020062152;9,369024769
21006A11-;OASIS - PROVENCE - LANGUEDOC;Evere;467;0,020701947;9,667809158
21006A153;KEET;Evere;467;0,030664473;14,32030893
21006A13-;MAISON COMMUNALE;Evere;467;0,035280139;16,47582488
21006A02-;IEDER ZIJN HUIS - STROOBANTS;Evere;467;0,017045974;7,960469793
21006A073;GARE DE FORMATION;Evere;467;0;0
21006A03-;BLOCS SAINT-VINCENT;Evere;467;0,020016452;9,347683027
21006A094;BON PASTEUR;Evere;467;0,011333516;5,292752034
21006A515;CARLI;Evere;467;0,024495019;11,43917375
21006A24-;IEDER ZIJN HUIS - ZAVENTEM;Evere;467;0,013115803;6,125079974
21006A403;QUARTIER CICERO;Evere;467;0,045791061;21,38442556
21006A474;COMMUNAUTES;Evere;467;0,024220821;11,3111233
21006A201;HAUT-EVERE;Evere;467;0,06219724;29,04611096
21006A272;QUARTIER GROSJEAN;Evere;467;0,003518874;1,643314139
21006A21-;HOME FAMILIAL BRABANT;Evere;467;0,02833379;13,23188008
21006A23-;DU BONHEUR;Evere;467;0,071976967;33,61324376
21006A37-;ZONE INDUSTRIELLE;Evere;467;0,003198976;1,493921945
21006A312;J. BORDET (AVENUE DE);Evere;467;0,010739421;5,015309387
21006A101;CONSCIENCE;Evere;467;0,107485605;50,19577735
21006A001;VIEIL EVERE;Evere;467;0,071017274;33,16506718
21006A414;P. DUPONT (RUE);Evere;467;0,076546934;35,74741797
21006A171;ANCIEN COMBATTANTS (AVENUE);Evere;467;0,013664199;6,381180879
21006A25-;GIBET;Evere;467;0,02842519;13,27456357
21006A48-;CIMETIERE BRUXELLES;Evere;467;0,000594096;0,277442647
21006A22-;SAINT-EXUPERY;Evere;467;0,051503519;24,05214331
21006A011;CENTRE;Evere;467;0,065853213;30,75345032
21006A142;ED. DEKNOOP (RUE);Evere;467;0,030024678;14,02152454
21006A042;KERKHOEK;Evere;467;0,029613381;13,82944886
21006A052;CHAMP DE REPOS;Evere;467;0,057078878;26,65583585
21006A323;GERMINAL II;Evere;467;0,023809524;11,11904762
21007A03-;FOYER FORESTOIS - FAMILLE;Forest;1069;0,021102721;22,55880832
21007A252;MESSIDOR II;Forest;1069;0,005379125;5,750284473
21007A201;ROOSENDAEL (RUE);Forest;1069;0,050929278;54,4433985
21007A21-;MAGNANERIE;Forest;1069;0,010620323;11,35312575
21007A291;FOREST NATIONAL - STADE;Forest;1069;0,000103445;0,110582394
21007A242;GLOBE;Forest;1069;0,011965105;12,79069687
21007A75-;TOURNOI (RUE DU);Forest;1069;0,018689011;19,97855246
21007A814;VILLAS - MONT KEMMEL;Forest;1069;0,002999897;3,206889418
21007A111;MESSIDOR I;Forest;1069;0,010965139;11,72173373
21007A41-;PONT DE LUTTRE-OUEST;Forest;1069;0,0087928;9,399503465
21007A142;MONTE CARLO;Forest;1069;0,026240474;28,0510672
21007A53-;WIELEMANS CEUPPENS;Forest;1069;0,047998345;51,31023068
21007A50-;BERANGER;Forest;1069;0,053101617;56,76562877
21007A51-;CHATAIGNE;Forest;1069;0,016551153;17,69318299
21007A552;REINE MARIE-HENRIETTE;Forest;1069;0,004379159;4,681321334
21007A541;LYCEE;Forest;1069;0,010689287;11,42684735
21007A61-;MONTENEGRO (RUE);Forest;1069;0,092341643;98,71321679
21007A06-;KATANGA;Forest;1069;0,012171994;13,01186166
21007A04-;FOYER FORESTOIS - MADELON;Forest;1069;0,008172132;8,736009103
21007A00-;CENTRE SAINT-DENIS;Forest;1069;0,055032585;58,82983345
21007A101;BOURGOGNE;Forest;1069;0,049929313;53,37443536
21007A783;PARC DE FOREST;Forest;1069;0,008482466;9,067756284
21007A373;CHARROI (RUE DE);Forest;1069;0,000379297;0,405468777
21007A071;BOLLINCKX;Forest;1069;0,01910279;20,42088204
21007A70-;ALTITUDE  CENT;Forest;1069;0,06151512;65,75966346
21007A239;NEPTUNE (AVENUE) I;Forest;1069;0,060101376;64,24837075
21007A05-;NEERSTALLE;Forest;1069;0,016275301;17,39829661
21007A082;BEMPT;Forest;1069;0,001172373;1,253267129
21007A01-;CURE D'ARS;Forest;1069;0,02175787;23,25916348
21007A132;DENAYER (RUE);Forest;1069;0,002655081;2,838281439
21007A52-;VAN VOLXEM - PETITE INDUSTRIE;Forest;1069;0,020240681;21,63728837
21007A40-;PONT DE LUTTRE;Forest;1069;0,033481604;35,79183476
21007A02-;STUART MERRIL;Forest;1069;0,010344471;11,05823937
21007A12-;HAVESKERCKE;Forest;1069;0,004448122;4,75504293
21007A60-;SAINT-ANTOINE;Forest;1069;0,075307748;80,50398262
21007A73-;BERCKENDAEL (RUE);Forest;1069;0,039653805;42,38991759
21007A72-;MOLIERE;Forest;1069;0,081548912;87,17578704
21007A71-;CHAUSSEE D'ALSEMBERG;Forest;1069;0,024688804;26,3923313
21007A79-;PARC DUDEN;Forest;1069;0,000172408;0,18430399
21008A31-;TOUSSAINT;Ganshoren;281;0,018776452;5,276183147
21008A30-;LE HOME;Ganshoren;281;0,051096576;14,35813775
21008A00-;CENTRE;Ganshoren;281;0,043555214;12,23901501
21008A38-;PARC DE RIVIEREN;Ganshoren;281;0;0
21008A27-;NESTOR MARTIN;Ganshoren;281;0;0
21008A220;VILLAS DE GANSHOREN (OUEST);Ganshoren;281;0,129742209;36,4575606
21008A02-;SIPPELBERG;Ganshoren;281;0,114120816;32,06794921
21008A34-;PARC ALBERT;Ganshoren;281;0,021931512;6,162754906
21008A35-;CHARTE;Ganshoren;281;0,013466718;3,784147749
21008A240;REFORME;Ganshoren;281;0,065409773;18,38014621
21008A23-;DE MESMAEKER;Ganshoren;281;0,014005387;3,935513659
21008A20-;CHARLES-QUINT;Ganshoren;281;0,164293959;46,16660254
21008A29-;RIVIERE MOLENBEEK;Ganshoren;281;0;0
21008A01-;VAN PAGE-SUD;Ganshoren;281;0,024624856;6,919584456
21008A33-;VAN PAGE-NORD;Ganshoren;281;0,046864179;13,16883417
21008A32-;HEIDEKEN;Ganshoren;281;0,066333205;18,63963063
21008A10-;PLATEAU;Ganshoren;281;0,124586379;35,0087726
21008A19-;BASILIQUE;Ganshoren;281;0,000153905;0,043247403
21008A21-;MAIL;Ganshoren;281;0,09957676;27,98106964
21009A20-;PETITE SUISSE (PLACE DE LA);Ixelles;2085;0,035049362;73,07792003
21009A23-;ETOILE (ROND POINT DE L');Ixelles;2085;0,02695758;56,20655457
21009A623;KLAUWAERTS;Ixelles;2085;0,003606365;7,519271514
21009A90-;SAINT-PHILIPPE DE NERI;Ixelles;2085;0,017288013;36,04550782
21009A652;HOPITAUX;Ixelles;2085;0,032930623;68,66034801
21009A501;LUXEMBOURG (PLACE DE);Ixelles;2085;0,004823514;10,05702565
21009A552;PORTE DE NAMUR;Ixelles;2085;0,01555245;32,42685841
21009A542;EGLISE ANGLICANE;Ixelles;2085;0,007618447;15,88446107
21009A051;SAINT-BONIFACE;Ixelles;2085;0,014718478;30,68802687
21009A041;ARBRE BENIT;Ixelles;2085;0,027543614;57,42843619
21009A00-;CENTRE;Ixelles;2085;0,029256638;61,00009016
21009A02-;MUSEE;Ixelles;2085;0,035162061;73,31289726
21009A101;FLAGEY (PLACE);Ixelles;2085;0,021255015;44,31670649
21009A03-;ERMITAGE;Ixelles;2085;0,023711851;49,43921021
21009A13-;GACHARD;Ixelles;2085;0,016769598;34,96461254
21009A121;GENERAL DE GAULLE;Ixelles;2085;0,014583239;30,40605419
21009A63-;MACAU;Ixelles;2085;0,033494117;69,83523419
21009A602;BELVEDERE;Ixelles;2085;0,003921922;8,177207772
21009A42-;RENIER CHALON;Ixelles;2085;0,032795384;68,37837533
21009A40-;MELEZES;Ixelles;2085;0,022156606;46,19652437
21009A301;BOONDAEL-NORD;Ixelles;2085;0,012058784;25,14256413
21009A812;SCHOOLGAT;Ixelles;2085;0,005116531;10,66796646
21009A33-;SAINT-ADRIEN;Ixelles;2085;0,048843709;101,8391336
21009A34-;STADE COMMUNAL;Ixelles;2085;0,005364468;11,18491638
21009A21-;ETE;Ixelles;2085;0,039083983;81,49010504
21009A43-;FERNAND NEURAY;Ixelles;2085;0,022314385;46,52549249
21009A41-;SAINT-GEORGES;Ixelles;2085;0,026551864;55,36063652
21009A83-;L. ERNOTTE (RUE);Ixelles;2085;0,012148943;25,33054591
21009A52-;GRAY (RUE);Ixelles;2085;0,041135103;85,76669071
21009A2MJ;CAMPUS UNIVERSITAIRE;Ixelles;2085;0,01039084;21,66490105
21009A44-;PREVOT;Ixelles;2085;0,02181851;45,49159266
21009A712;CHATELAIN (PLACE DU)-OUEST;Ixelles;2085;0,009940044;20,72499211
21009A72-;DEFACQZ;Ixelles;2085;0,020939458;43,65877023
21009A911;A. DELPORTE-SUD;Ixelles;2085;0,019294054;40,2281026
21009A311;TREILLE (RUE DE LA);Ixelles;2085;0,003899382;8,130212325
21009A802;BOONDAEL-SUD;Ixelles;2085;0,003380967;7,049317045
21009A82-;FORET;Ixelles;2085;0,01555245;32,42685841
21009A111;WERY (RUE);Ixelles;2085;0,036717306;76,5555831
21009A01-;BLYCKAERTS;Ixelles;2085;0,024207727;50,47311004
21009A22-;UNIVERSITE;Ixelles;2085;0,047175765;98,3614705
21009A53-;LONDRES (PLACE DE);Ixelles;2085;0,03942208;82,19503674
21009A512;WIERTZ;Ixelles;2085;0,002749853;5,73344453
21009A593;QUARTIER LEOPOLD;Ixelles;2085;0;0
21009A612;LIEGEOIS (RUE);Ixelles;2085;0,035590317;74,20581076
21009A151;A. DELPORTE-NORD;Ixelles;2085;0,010661317;22,22884641
21009A922;CASERNE (Ixelles);Ixelles;2085;0,003876843;8,083216878
21009A29-;CIMETIERE;Ixelles;2085;0;0
21009A73-;BERCKENDAEL;Ixelles;2085;0,031352838;65,37066673
21009A451;CHATELAIN (PLACE DU)-EST;Ixelles;2085;0,029166479;60,81210837
21009A192;ETANGS;Ixelles;2085;0;0
21010A393;SACRE-COEUR;Jette;686;0,001573708;1,079563753
21010A04-;NOTRE-DAME DE LOURDES;Jette;686;0,08578539;58,84877763
21010A092;PARC DE LA JEUNESSE;Jette;686;0;0
21010A03-;MIROIR;Jette;686;0,062289562;42,73063973
21010A182;DIELEGEM (BOIS DE);Jette;686;3,65979E-05;0,025106134
21010A10-;ANCIENNE BARRIERE;Jette;686;0,040477236;27,76738398
21010A121;F. MOHRFELD (RUE DE);Jette;686;0,02517933;17,27302006
21010A111;HEYMBOSCH;Jette;686;0,060020495;41,17405943
21010A312;BAECK DUPRE;Jette;686;0,017676768;12,12626263
21010A4MJ;VUB;Jette;686;0,000805153;0,552334944
21010A1AJ;ARBRE BALLON;Jette;686;0,056726687;38,91450739
21010A05-;ALBERT (QUARTIER);Jette;686;0,105584834;72,43119602
21010A493;LAERBEEK (BOIS DE);Jette;686;0,000402576;0,276167472
21010A13-;CITE-JARDIN;Jette;686;0,086151369;59,09983897
21010A00-;CENTRE;Jette;686;0,119455424;81,94642073
21010A141;BRUGMANN;Jette;686;0,085309618;58,52239789
21010A01-;ESSEGHEM;Jette;686;0,098301859;67,43507539
21010A21-;MADELEINE;Jette;686;0,070487484;48,3544137
21010A02-;LEOPOLD I;Jette;686;0,083296735;57,14156053
21011A11-;LEPREUX;Koekelberg;318;0,105239345;33,46611166
21011A30-;ARCHERS - FOUREZ;Koekelberg;318;0,110487739;35,1351009
21011A20-;PLATEAU;Koekelberg;318;0,169758393;53,98316894
21011A10-;PAIX (AVENUE DE LA);Koekelberg;318;0,122703828;39,01981721
21011A01-;SAINTE-ANNE;Koekelberg;318;0,202877568;64,51506651
21011A02-;JACQUET (RUE DE);Koekelberg;318;0,093475704;29,72527373
21011A00-;VANHUFFEL;Koekelberg;318;0,098000181;31,16405755
21011A12-;BASILIQUE;Koekelberg;318;0,097276265;30,93385214
21011A29-;PARC ELISABETH;Koekelberg;318;0;0
21012A552;PFEIFFER;Molenbeek Saint-Jean;1065;0,014730018;15,68746923
21012A833;ELBERS;Molenbeek Saint-Jean;1065;0,00533399;5,680699163
21012A84-;METTEWIE-BUILDINGS;Molenbeek Saint-Jean;1065;0,023346463;24,86398326
21012A24-;OSSEGHEM;Molenbeek Saint-Jean;1065;0,039061218;41,60019695
21012A26-;MACHTENS-NORD;Molenbeek Saint-Jean;1065;0,042405219;45,16155835
21012A29-;MARIE-JOSE (PARC);Molenbeek Saint-Jean;1065;0;0
21012A25-;BEEKKANT;Molenbeek Saint-Jean;1065;0,008944691;9,526095519
21012A172;GARE OUEST;Molenbeek Saint-Jean;1065;0,011775808;12,54123584
21012A041;QUATRE VENTS;Molenbeek Saint-Jean;1065;0,020535861;21,87069178
21012A10-;DUCHESSE DE BRABANT;Molenbeek Saint-Jean;1065;0,024269654;25,84718119
21012A00-;CENTRE;Molenbeek Saint-Jean;1065;0,024556869;26,15306499
21012A05-;SAINT-JOSEPH;Molenbeek Saint-Jean;1065;0,010996225;11,71097981
21012A59-;KARREVELD;Molenbeek Saint-Jean;1065;0,000164123;0,174790743
21012A851;CONDOR;Molenbeek Saint-Jean;1065;0,015324963;16,32108567
21012A882;DARING;Molenbeek Saint-Jean;1065;0,00533399;5,680699163
21012A22-;BRASILIA;Molenbeek Saint-Jean;1065;0,002933694;3,12438454
21012A13-;BIRMINGHAM-NORD;Molenbeek Saint-Jean;1065;0,014668472;15,6219227
21012A12-;BIRMINGHAM-SUD;Molenbeek Saint-Jean;1065;0,013827343;14,72612014
21012A672;ULENS;Molenbeek Saint-Jean;1065;0,025233875;26,87407681
21012A60-;LAEKENVELD;Molenbeek Saint-Jean;1065;0,05020105;53,46411866
21012A63-;DUBRUCQ-NORD;Molenbeek Saint-Jean;1065;0,023059248;24,55809946
21012A62-;LIBERATEURS;Molenbeek Saint-Jean;1065;0,054591334;58,13977105
21012A511;STEYNS;Molenbeek Saint-Jean;1065;0,031080748;33,10099705
21012A20-;BAECK;Molenbeek Saint-Jean;1065;0,022156573;23,59675037
21012A72-;LAVALLEE;Molenbeek Saint-Jean;1065;0,027470048;29,25560069
21012A611;MEXICO;Molenbeek Saint-Jean;1065;0,016781553;17,87235352
21012A53-;SIPPELBERG;Molenbeek Saint-Jean;1065;0,003590185;3,823547514
21012A54-;DELHAIZE;Molenbeek Saint-Jean;1065;0,033829805;36,028742
21012A50-;BENES;Molenbeek Saint-Jean;1065;0,036455769;38,82539389
21012A71-;PIERS;Molenbeek Saint-Jean;1065;0,037645659;40,09262678
21012A21-;MARIE-JOSE BLOCS;Molenbeek Saint-Jean;1065;0,021007714;22,37321516
21012A2MJ;CHEMIN DE FER;Molenbeek Saint-Jean;1065;0,000635976;0,677314131
21012A152;ETANGS NOIRS;Molenbeek Saint-Jean;1065;0,05729936;61,02381832
21012A52-;NEEP (QUARTIER DU);Molenbeek Saint-Jean;1065;0,041399967;44,09096504
21012A39-;DE RAEDT;Molenbeek Saint-Jean;1065;0,00118989;1,26723289
21012A30-;METTEWIE - IDYLLE;Molenbeek Saint-Jean;1065;0,024351715;25,93457656
21012A23-;MACHTENS-SUD;Molenbeek Saint-Jean;1065;0,039307402;41,86238306
21012A41-;MOORTEBEEK;Molenbeek Saint-Jean;1065;0,017089283;18,20008616
21012A822;KORENBEEK;Molenbeek Saint-Jean;1065;0,050693419;53,98849089
21012A811;MYRTES-NORD;Molenbeek Saint-Jean;1065;0,008719022;9,285758247
21012A141;INDEPENDANCE;Molenbeek Saint-Jean;1065;0,026957164;28,70937962
21012A03-;RANSFORT;Molenbeek Saint-Jean;1065;0,019961431;21,25892418
21012A11-;INDUSTRIE;Molenbeek Saint-Jean;1065;0,013314459;14,17989906
21012A02-;BRUNFAUT (QUARTIER);Molenbeek Saint-Jean;1065;0,009765304;10,40004924
21012A011;CANAL-SUD;Molenbeek Saint-Jean;1065;0,012083538;12,86896849
21012A732;CANAL-NORD;Molenbeek Saint-Jean;1065;0,01304776;13,89586411
21013A242;BETHLEEM (PLACE DE);Saint-Gilles;1470;0,034975645;51,41419788
21013A102;PARVIS;Saint-Gilles;1470;0,008105087;11,91447736
21013A101;PARVIS;Saint-Gilles;1470;0,051265671;75,36053661
21013A13-;DETHY (RUE);Saint-Gilles;1470;0,045116985;66,32196758
21013A121;GUILLAUME TELL-SUD;Saint-Gilles;1470;0,016609439;24,41587479
21013A422;CRICKX (RUE);Saint-Gilles;1470;0,057414358;84,39910565
21013A11-;PARME (RUE DE);Saint-Gilles;1470;0,03341851;49,12520961
21013A01-;ESPAGNE (RUE D');Saint-Gilles;1470;0,068873273;101,2437116
21013A04-;PRISON;Saint-Gilles;1470;0,035414837;52,05980995
21013A623;FRANCE (RUE DE);Saint-Gilles;1470;0,001078016;1,584684181
21013A201;ANGLETERRE (RUE D');Saint-Gilles;1470;0,04355985;64,03297932
21013A252;DANEMARK (RUE DE);Saint-Gilles;1470;0,040764992;59,92453885
21013A23-;ROI (AVENUE DU);Saint-Gilles;1470;0,030543799;44,89938513
21013A02-;CAPOUILLET (RUE);Saint-Gilles;1470;0,066238122;97,37003913
21013A2MJ;GARE DU MIDI;Saint-Gilles;1470;0,000598898;0,880380101
21013A612;JAMAR;Saint-Gilles;1470;0,005749421;8,451648966
21013A22-;REGIES;Saint-Gilles;1470;0,072985706;107,2889883
21013A211;FONTAINAS;Saint-Gilles;1470;0,047153238;69,31525992
21013A052;FAIDER (RUE);Saint-Gilles;1470;0,027589236;40,55617663
21013A151;METAL (RUE DU);Saint-Gilles;1470;0,038928372;57,22470654
21013A522;RUE D'ECOSSE;Saint-Gilles;1470;0,038089915;55,9921744
21013A40-;BARRIERE;Saint-Gilles;1470;0,041164258;60,51145892
21013A41-;VILLAS (AVENUE DES);Saint-Gilles;1470;0,054819133;80,58412521
21013A031;AMAZONE (RUE DE);Saint-Gilles;1470;0,029904975;43,96031302
21013A00-;HOTEL DE VILLE;Saint-Gilles;1470;0,07294578;107,2302963
21013A51-;TOISON D'OR (AVENUE);Saint-Gilles;1470;0,035893955;52,76411403
21014A00-;PLACE SAINT-JOSSE;Saint-Josse-ten-Noode;608;0,122856276;74,69661557
21014A02-;CHARITE;Saint-Josse-ten-Noode;608;0,066626195;40,50872667
21014A14-;PRAIRIE;Saint-Josse-ten-Noode;608;0,046365154;28,19001366
21014A2MJ;NORD;Saint-Josse-ten-Noode;608;0,000227652;0,138412506
21014A41-;BOSSUET;Saint-Josse-ten-Noode;608;0,146759751;89,22992867
21014A10-;SAINT-FRANCOIS;Saint-Josse-ten-Noode;608;0,098269844;59,74806496
21014A13-;ROGIER;Saint-Josse-ten-Noode;608;0;0
21014A03-;MADOU;Saint-Josse-ten-Noode;608;0,044012749;26,7597511
21014A12-;SAINT-LAZARE;Saint-Josse-ten-Noode;608;0,010320231;6,274700258
21014A01-;STEURS;Saint-Josse-ten-Noode;608;0,04348156;26,43678859
21014A04-;HAECHT (CHAUSSEE DE);Saint-Josse-ten-Noode;608;0,117392624;71,37471543
21014A05-;HOUWAERT;Saint-Josse-ten-Noode;608;0,282895735;172,0006071
21014A18-;JARDIN BOTANIQUE;Saint-Josse-ten-Noode;608;0;0
21014A3MJ;MANHATTAN;Saint-Josse-ten-Noode;608;0,019350433;11,76506298
21015A50-;OPALE;Schaerbeek;2303;0,040019748;92,16547979
21015A77-;R.T.B.;Schaerbeek;2303;0,015977978;36,79728315
21015A73-;H. EVENEPOEL (RUE);Schaerbeek;2303;0,010592143;24,39370456
21015A782;CIMETIERE DE SAINT-JOSSE;Schaerbeek;2303;0,002139373;4,92697705
21015A31-;PATRIE;Schaerbeek;2303;0,0192394;44,30833907
21015A36-;CAMBIER (AVENUE E.);Schaerbeek;2303;0,014736244;33,93756919
21015A70-;P. HYMANS (RUE);Schaerbeek;2303;0,014915772;34,35102181
21015A721;F. COURTENS (AVENUE);Schaerbeek;2303;0,007959068;18,3297328
21015A822;CH. GILISQUET - SUD (AVENUE);Schaerbeek;2303;0,00321654;7,407692768
21015A7MJ;JOSAPHAT GARE;Schaerbeek;2303;2,99213E-05;0,06890877
21015A34-;PAQUERETTES (RUE);Schaerbeek;2303;0,01237246;28,49377637
21015A63-;DESCHANEL P. (AVENUE);Schaerbeek;2303;0,012207893;28,11477813
21015A883;THEUNIS PIERRE (RUE);Schaerbeek;2303;0,00480237;11,05985757
21015A811;TERDELT;Schaerbeek;2303;0,010517339;24,22143263
21015A831;LATINIS (AVENUE G.);Schaerbeek;2303;0,029143353;67,11714192
21015A03-;JOSAPHAT (RUE);Schaerbeek;2303;0,041126836;94,71510428
21015A021;HOUFFALIZE (PLACE);Schaerbeek;2303;0,026046498;59,98508423
21015A30-;GRANDE RUE AU BOIS;Schaerbeek;2303;0,027587445;63,53388588
21015A32-;CONSOLATION (RUE DE LA);Schaerbeek;2303;0,022635469;52,12948446
21015A64-;DUPLOYE SQUARE;Schaerbeek;2303;0,02290476;52,74966339
21015A33-;BIENFAITEURS (PLACE DE);Schaerbeek;2303;0,018177194;41,86207774
21015A35-;JEAN STOBBAERTS (AVENUE);Schaerbeek;2303;0,017234673;39,69145148
21015A53-;DAILLY (PLACE);Schaerbeek;2303;0,025911852;59,67499476
21015A54-;EMERAUDE (AVENUE);Schaerbeek;2303;0,03960085;91,20075701
21015A52-;LINTHOUT (RUE);Schaerbeek;2303;0,021902397;50,44121959
21015A51-;CERISIERS (AVENUE DES);Schaerbeek;2303;0,013554352;31,21567278
21015A05-;ROYALE SAINTE-MARIE (RUE);Schaerbeek;2303;0,03297328;75,93746447
21015A12-;HUART HAMOIR (AVENUE);Schaerbeek;2303;0,019179558;44,17052153
21015A152;PR. ELISABETH-NORD;Schaerbeek;2303;0,026899255;61,94898417
21015A101;GARE;Schaerbeek;2303;0,013943329;32,11148679
21015A111;MAETERLINCK;Schaerbeek;2303;0,020660662;47,58150564
21015A142;SAINTE-FAMILLE;Schaerbeek;2303;0,001929924;4,444615661
21015A622;BRUSILIA;Schaerbeek;2303;0,007689776;17,70955387
21015A71-;JARDINS;Schaerbeek;2303;0,012851201;29,59631669
21015A04-;L'OLIVIER (RUE);Schaerbeek;2303;0,036234703;83,44852039
21015A39-;JOSAPHAT (PARC);Schaerbeek;2303;8,97639E-05;0,20672631
21015A421;PALAIS (RUE DE);Schaerbeek;2303;0,014048054;32,35266748
21015A40-;BRABANT (RUE DE);Schaerbeek;2303;0,02679453;61,70780348
21015A43-;GARE DU NORD;Schaerbeek;2303;0,01237246;28,49377637
21015A44-;REINE (AVENUE);Schaerbeek;2303;0,02677957;61,67334909
21015A41-;VANDERLINDEN (RUE);Schaerbeek;2303;0,02404177;55,36819664
21015A612;BRICHAUT (RUE DE);Schaerbeek;2303;0,031896113;73,45674875
21015A45-;STEPHENSON (PLACE);Schaerbeek;2303;0,012447264;28,66604829
21015A00-;COLIGNON (PLACE);Schaerbeek;2303;0,055144969;126,998863
21015A01-;VAN YSENDYCK (RUE);Schaerbeek;2303;0,007659855;17,6406451
21015A24-;WAELHEM (RUE);Schaerbeek;2303;0,021303971;49,06304419
21015A13-;PORTAELS (RUE);Schaerbeek;2303;0,016755932;38,58891116
21015A22-;MARBOTIN A. (RUE);Schaerbeek;2303;0,028126029;64,77424374
21015A272;HOPITAL P. BRIEN;Schaerbeek;2303;0,002468508;5,68497352
21015A231;J. BLOCKX (RUE);Schaerbeek;2303;0,012282697;28,28705006
21015A20-;HELMET;Schaerbeek;2303;0,041919751;96,54118668
21015A21-;GUIDO GEZELLE (RUE);Schaerbeek;2303;0,016142545;37,17628138
21016A901;CENTRE-OUEST;Uccle;1361;0,025936664;35,29979997
21016A81-;BASCULE;Uccle;1361;0,038747668;52,73557638
21016A82-;CHURCHILL;Uccle;1361;0,061245589;83,35524689
21016A232;BEAU SEJOUR;Uccle;1361;0,017058863;23,2171128
21016A831;LONGCHAMP;Uccle;1361;0,037533994;51,08376599
21016A111;VERT CHASSEUR;Uccle;1361;0,010945542;14,89688266
21016A841;ZEECRABBE;Uccle;1361;0,004764794;6,484885263
21016A85-;BRUGMANN;Uccle;1361;0,024048727;32,73031713
21016A042;ECHEVINAGE;Uccle;1361;0,006652732;9,054368103
21016A03-;COGHEN;Uccle;1361;0,036702403;49,95196997
21016A02-;ALSEMBERG-NORD;Uccle;1361;0,039848965;54,23444137
21016A922;WOLVENBERG;Uccle;1361;0,01411458;19,20994314
21016A912;GLOBE-OUEST;Uccle;1361;0,013238037;18,01696896
21016A933;VOSSEGAT-OUEST;Uccle;1361;0,036028139;49,03429753
21016A731;ROETAERT;Uccle;1361;0,00656283;8,932011777
21016A701;MERLO;Uccle;1361;0,031195918;42,45764502
21016A772;ZWARTEBEEK;Uccle;1361;0,008203538;11,16501472
21016A72-;MELKRIEK;Uccle;1361;0,010248803;13,94862113
21016A71-;KEIENBEMPT;Uccle;1361;0,024116153;32,82208437
21016A13-;OBSERVATOIRE;Uccle;1361;0;0
21016A383;FORET DE SOIGNES LORRAINE-W.;Uccle;1361;0;0
21016A954;VOSSEGAT-EST;Uccle;1361;0,004135482;5,628390983
21016A331;CHAUSSEE DE WATERLOO-OUEST;Uccle;1361;0,004517565;6,148405367
21016A80-;VANDERKINDERE;Uccle;1361;0,034252579;46,6177601
21016A225;PTOLEMEE;Uccle;1361;0,0063156;8,595531881
21016A64-;MOLENSTEEN;Uccle;1361;0,025532106;34,7491965
21016A05-;LE CHAT;Uccle;1361;0,048929045;66,59243027
21016A39-;FORET DE SOIGNES LORRAINE-EST;Uccle;1361;4,49509E-05;0,061178163
21016A692;CIMETIERE - ST.-GILLES;Uccle;1361;0;0
21016A533;MOENSBERG;Uccle;1361;0,008023734;10,92030207
21016A943;SEPT-BONNIERS;Uccle;1361;0,011799609;16,05926775
21016A65-;ALSEMBERG-SUD;Uccle;1361;0,011934462;16,24280224
21016A601;BOURDON;Uccle;1361;0,013485267;18,35344886
21016A620;KRIEKENPUT;Uccle;1361;0,012766053;17,37459825
21016A01-;DIEWEG;Uccle;1361;0,049153799;66,89832108
21016A00-;GLOBE-EST;Uccle;1361;0,052997101;72,12905401
21016A193;WOLVENDAEL;Uccle;1361;0;0
21016A102;GROESELENBERG;Uccle;1361;0,025262401;34,38212753
21016A12-;HAMOIR;Uccle;1361;0,029600162;40,28582024
21016A44-;PECHERIE;Uccle;1361;0,031308296;42,61059043
21016A214;ASTRONOMES;Uccle;1361;0,00606837;8,259051986
21016A322;CHAUSSEE DE WATERLOO-EST;Uccle;1361;0,010091475;13,73449756
21016A400;SAINT-JOB;Uccle;1361;0,032049985;43,62003012
21016A429;CARLOO;Uccle;1361;0,019958196;27,16310431
21016A410;ALPHONSE XIII;Uccle;1361;0,010630886;14,46863552
21016A490;KAUWBERG;Uccle;1361;0,004764794;6,484885263
21016A639;HOMBORCH;Uccle;1361;0,031218394;42,4882341
21016A610;ENGELAND;Uccle;1361;0,005888567;8,014339334
21016A521;VERREWINKEL;Uccle;1361;0,005259254;7,157845054
21016A342;FOND;Uccle;1361;0,037241813;50,68610793
21016A311;FORT JACO;Uccle;1361;0,018564718;25,26658126
21017A512;VANDER ELST - BIEN FAIRE;Watermael-Boitsfort;354;0,042319055;14,98094535
21017A541;LOUTRIER - WIENER;Watermael-Boitsfort;354;0,038330871;13,56912851
21017A192;STADE DES TROIS TILLEULS;Watermael-Boitsfort;354;0,000443131;0,156868538
21017A635;PRINCES BRABANCONS;Watermael-Boitsfort;354;0,018094535;6,405465288
21017A11-;FLOREAL;Watermael-Boitsfort;354;0,064180207;22,71979321
21017A240;SOUVERAIN-OUEST;Watermael-Boitsfort;354;0,032053176;11,34682422
21017A230;BEGUINETTES;Watermael-Boitsfort;354;0,049630724;17,56927622
21017A220;LE LOGIS-SUD;Watermael-Boitsfort;354;0,027252585;9,647415066
21017A443;VILLE-ET-FORET - ELAN;Watermael-Boitsfort;354;0,034047267;12,05273264
21017A41-;AVENUE DE VISE;Watermael-Boitsfort;354;0,063146233;22,35376662
21017A523;MARTIN-PECHEUR;Watermael-Boitsfort;354;0,066543575;23,55642541
21017A613;AVENUE DE TERCOIGNE;Watermael-Boitsfort;354;0,004726736;1,673264402
21017A696;HERONNIERE;Watermael-Boitsfort;354;0,003323486;1,176514032
21017A624;PECHERIES;Watermael-Boitsfort;354;0,04254062;15,05937962
21017A534;RUE DES BEGONIAS;Watermael-Boitsfort;354;0,013884786;4,91521418
21017A501;CENTRE DE WATERMAEL;Watermael-Boitsfort;354;0,014623338;5,176661743
21017A421;WATERMAEL - STATION;Watermael-Boitsfort;354;0,005908419;2,091580502
21017A432;DRIES;Watermael-Boitsfort;354;0,041432792;14,66720827
21017A021;DREVE DES EQUIPAGES;Watermael-Boitsfort;354;0,014327917;5,072082718
21017A01-;COIN DU BALAI;Watermael-Boitsfort;354;0,050369276;17,83072378
21017A12-;LE LOGIS-NORD;Watermael-Boitsfort;354;0,091728213;32,4717873
21017A08-;SOUVERAIN-EST;Watermael-Boitsfort;354;0,007311669;2,588330871
21017A13-;BOULEAUX;Watermael-Boitsfort;354;0,043426883;15,37311669
21017A212;AVENUE DE LA TENDERIE;Watermael-Boitsfort;354;0,068833087;24,36691285
21017A000;CENTRE DE BOITSFORT;Watermael-Boitsfort;354;0,044608567;15,79143279
21017A09-;FORET DE SOIGNES;Watermael-Boitsfort;354;0,000295421;0,104579025
21017A451;FUTAIE;Watermael-Boitsfort;354;0,053618907;18,98109306
21017A472;ZONING DE BUREAUX-NORD;Watermael-Boitsfort;354;0,000738552;0,261447563
21017A374;ZONING DE BUREAUX-SUD;Watermael-Boitsfort;354;0,009822747;3,477252585
21017A041;DREVE DU DUC;Watermael-Boitsfort;354;0,03323486;11,76514032
21017A031;AVENUE DELLEUR;Watermael-Boitsfort;354;0,005317578;1,882422452
21017A312;CLOS DES CHENES;Watermael-Boitsfort;354;0,007311669;2,588330871
21017A323;DREVE DES TUMULI;Watermael-Boitsfort;354;0,004948301;1,751698671
21017A393;ETANGS DE BOITSFORT;Watermael-Boitsfort;354;0,000812408;0,287592319
21017A382;FORESTERIE;Watermael-Boitsfort;354;0;0
21018A20-;GEORGES HENRI (AVENUE);Woluwe Saint-Lambert;1054;0,055976043;58,99874951
21018A72-;ROGATIONS;Woluwe Saint-Lambert;1054;0,041134658;43,35592997
21018A21-;DE BROQUEVILLE (AVENUE)-NORD;Woluwe Saint-Lambert;1054;0,056963275;60,03929183
21018A35-;HOF TEN BERG-NORD;Woluwe Saint-Lambert;1054;0,019053574;20,08246676
21018A34-;HOF TEN BERG-SUD;Woluwe Saint-Lambert;1054;0,018987758;20,01309728
21018A32-;CLOS DES PEUPLIERS;Woluwe Saint-Lambert;1054;0,007568777;7,977491115
21018A311;PARC SCHUMAN;Woluwe Saint-Lambert;1054;0,042286429;44,56989601
21018A33-;NEERVELD;Woluwe Saint-Lambert;1054;0,039390549;41,51763854
21018A22-;DE BROQUEVILLE (AVENUE)-SUD;Woluwe Saint-Lambert;1054;0,031361064;33,05456101
21018A512;QUARTIER DES PEINTRES;Woluwe Saint-Lambert;1054;0,0298144;31,42437804
21018A031;ABELOOS;Woluwe Saint-Lambert;1054;0,02823483;29,75951033
21018A04-;BEETEPUT;Woluwe Saint-Lambert;1054;0,032940634;34,71942872
21018A02-;SLEGERS (AVENUE);Woluwe Saint-Lambert;1054;0,022969593;24,2099513
21018A37-;COMMUNAUTES;Woluwe Saint-Lambert;1054;0,006186653;6,520731868
21018A63-;CONSTELLATIONS;Woluwe Saint-Lambert;1054;0,032052126;33,78294063
21018A05-;DRIES;Woluwe Saint-Lambert;1054;0,020501514;21,6085955
21018A61-;HEYDENBERG-EST;Woluwe Saint-Lambert;1054;0,035013821;36,90456759
21018A62-;HEYDENBERG-OUEST;Woluwe Saint-Lambert;1054;0,060813479;64,09740687
21018A24-;LAMBEAU (AVENUE);Woluwe Saint-Lambert;1054;0,037810978;39,85277083
21018A09-;RASANTE;Woluwe Saint-Lambert;1054;0,005100698;5,376135317
21018A30-;SAINTE-FAMILLE;Woluwe Saint-Lambert;1054;0,022475977;23,68968014
21018A643;DEUX MAISONS;Woluwe Saint-Lambert;1054;0,036494669;38,46538107
21018A60-;ROODEBEEK PARC;Woluwe Saint-Lambert;1054;0,009872318;10,40542319
21018A19-;STRUYCKBEKEN;Woluwe Saint-Lambert;1054;0,000361985;0,381532184
21018A81-;KAPELLEVELD-SUD;Woluwe Saint-Lambert;1054;0,011682243;12,31308411
21018A84-;KAPELLEVELD-NORD-EST;Woluwe Saint-Lambert;1054;0,015828617;16,68336185
21018A00-;TOMBERG;Woluwe Saint-Lambert;1054;0,029222061;30,80005265
21018A43-;ROODEBEEK;Woluwe Saint-Lambert;1054;0,01954719;20,60273792
21018A41-;EUROPE;Woluwe Saint-Lambert;1054;0,02751086;28,99644597
21018A42-;VERVLOESEM;Woluwe Saint-Lambert;1054;0,023923917;25,21580887
21018A01-;SAINT-LAMBERT;Woluwe Saint-Lambert;1054;0,017177833;18,10543636
21018A15-;LES SOURCES;Woluwe Saint-Lambert;1054;0,004146374;4,370277741
21018A14-;CHANCELLERIE;Woluwe Saint-Lambert;1054;0,021159668;22,30229038
21018A13-;GROOTVELD;Woluwe Saint-Lambert;1054;0,009773595;10,30136896
21018A12-;STOCKEL (CHAUSSEE DE);Woluwe Saint-Lambert;1054;0,023989733;25,28517836
21018A82-;MARIE LA MISERABLE;Woluwe Saint-Lambert;1054;0,009279979;9,781097802
21018A83-;KLAKKEDELLE;Woluwe Saint-Lambert;1054;0,016256417;17,13426353
21018A87-;SAINT-LUC;Woluwe Saint-Lambert;1054;0,016058971;16,92615506
21018A3MJ;GULLEDELLE;Woluwe Saint-Lambert;1054;0,060155324;63,40371199
21019A231;KELLE;Woluwe Saint-Pierre;581;0,024503875;14,23675133
21019A242;VENELLES;Woluwe Saint-Pierre;581;0,027236483;15,82439636
21019A252;MONTGOLFIER;Woluwe Saint-Pierre;581;0,029162747;16,94355597
21019A131;KONKEL;Woluwe Saint-Pierre;581;0,041885051;24,3352148
21019A12-;ESCRIME (AVENUE DE L');Woluwe Saint-Pierre;581;0,013483851;7,834117278
21019A45-;HELICE (AVENUE DE L');Woluwe Saint-Pierre;581;0,022622407;13,14361869
21019A52-;DUC (RUE);Woluwe Saint-Pierre;581;0,031716167;18,42709313
21019A51-;COLLEGE SAINT-MICHEL;Woluwe Saint-Pierre;581;0,039331631;22,85167764
21019A04-;EGGERICX (RUE);Woluwe Saint-Pierre;581;0,025623796;14,88742553
21019A03-;CAPITAINE PIRET (AVENUE);Woluwe Saint-Pierre;581;0,02656453;15,43399185
21019A02-;CLOS DU SOLEIL;Woluwe Saint-Pierre;581;0,007257089;4,216368768
21019A052;DON BOSCO;Woluwe Saint-Pierre;581;0,021950455;12,75321417
21019A001;CENTRE;Woluwe Saint-Pierre;581;0,039958787;23,21605519
21019A34-;EUROPE (QUARTIER DE L');Woluwe Saint-Pierre;581;0,027863638;16,18877391
21019A30-;EGLANTINES (AVENUE);Woluwe Saint-Pierre;581;0,022308829;12,96142992
21019A33-;MIMOSAS (AVENUE);Woluwe Saint-Pierre;581;0,043587331;25,32423957
21019A01-;BOULEVARD DE LA WOLUWE;Woluwe Saint-Pierre;581;0,016440443;9,551897146
21019A11-;MILLE METRES (AVENUE);Woluwe Saint-Pierre;581;0,026430139;15,35591094
21019A31-;BEMEL;Woluwe Saint-Pierre;581;0,031850558;18,50517404
21019A32-;CHANT D'OISEAU;Woluwe Saint-Pierre;581;0,065179411;37,86923801
21019A09-;WOLUWE (PARC DE);Woluwe Saint-Pierre;581;0;0
21019A35-;HORIZON (AVENUE);Woluwe Saint-Pierre;581;0,035523899;20,63938539
21019A28-;ETANGS MELLAERTS;Woluwe Saint-Pierre;581;0,002822201;1,639698965
21019A20-;SAINT-PAUL;Woluwe Saint-Pierre;581;0,030282668;17,59423017
21019A14-;VAL DE SEIGNEURS;Woluwe Saint-Pierre;581;0,040585943;23,58043274
21019A10-;STOCKEL;Woluwe Saint-Pierre;581;0,06307396;36,64597052
21019A21-;MANOIR;Woluwe Saint-Pierre;581;0,039690006;23,05989338
21019A40-;SAINTE-ALIX;Woluwe Saint-Pierre;581;0,068359987;39,71715271
21019A15-;KAPELLEVELD;Woluwe Saint-Pierre;581;0,041526677;24,12699906
21019A42-;SALOME AVENUE;Woluwe Saint-Pierre;581;0,031268199;18,16682346
21019A22-;PUTDAAL;Woluwe Saint-Pierre;581;0,013931819;8,094386955
21019A441;FAISANDERIE;Woluwe Saint-Pierre;581;0,008959369;5,20539354
21019A41-;CITE JOLI-BOIS;Woluwe Saint-Pierre;581;0,025623796;14,88742553
21019A43-;CORNICHE VERTE;Woluwe Saint-Pierre;581;0,012677508;7,36563186
21019A492;BOIS;Woluwe Saint-Pierre;581;4,47968E-05;0,026026968
21001C5PA;MEERVELD;Anderlecht;1387;0,001581199;2,193122618
21001C5MA;MEYLEMEERSCH;Anderlecht;1387;0,000599191;0,831078045
21001C6PB;ZONE RURALE;Anderlecht;1387;0,003828165;5,309665285
21001C6MB;MEYLEMEERSCH-EST;Anderlecht;1387;0;0
