SectorStatID;Quartier;nb_inscrits_ss;nb_inscrits_quart;ratio
21001A041;Veeweyde - Aurore;228;1302;0,175115207
21001A472;Bizet - Roue- Ceria;32;1358;0,023564065
21001A83-;Moortebeek - Peterbos;348;886;0,392776524
21001A503;Scherdemael;110;719;0,152990264
21001A332;Bizet - Roue- Ceria;133;1358;0,097938144
21001A43-;Veeweyde - Aurore;96;1302;0,073732719
21001A401;Scherdemael;52;719;0,07232267
21001A32-;Veeweyde - Aurore;296;1302;0,22734255
21001A53-;Scherdemael;27;719;0,037552156
21001A41-;Scherdemael;159;719;0,221140473
21001A85-;Scheut;69;1280;0,05390625
21001A51-;Scherdemael;92;719;0,127955494
21001A42-;Scherdemael;38;719;0,052851182
21001A52-;Scherdemael;40;719;0,055632823
21001C70-;Bon Air;23;159;0,144654088
21001A552;Bizet - Roue- Ceria;267;1358;0,196612666
21001A84-;Moortebeek - Peterbos;97;886;0,109480813
21001A34-;Bizet - Roue- Ceria;200;1358;0,147275405
21001A350;Bizet - Roue- Ceria;132;1358;0,097201767
21001A441;Bizet - Roue- Ceria;194;1358;0,142857143
21001C512;Vogelenzang - Erasme;98;98;1
21001C71-;Bon Air;136;159;0,855345912
21001A82-;Moortebeek - Peterbos;155;886;0,174943567
21001C611;Neerpede;38;71;0,535211268
21001A451;Bizet - Roue- Ceria;120;1358;0,088365243
21001A30-;Bizet - Roue- Ceria;280;1358;0,206185567
21001A80-;Scherdemael;201;719;0,279554937
21001A81-;Moortebeek - Peterbos;138;886;0,155756208
21001A31-;Veeweyde - Aurore;76;1302;0,058371736
21001A031;Veeweyde - Aurore;159;1302;0,122119816
21001B22-;Cureghem Bara;116;1127;0,102928128
21001B321;Cureghem Vétérinaire;188;970;0,193814433
21001B20-;Cureghem Bara;539;1127;0,47826087
21001B23-;Cureghem Bara;112;1127;0,099378882
21001A142;Veeweyde - Aurore;88;1302;0,067588326
21001A051;Anderlecht - Centre - Wayez;138;1315;0,104942966
21001A941;Buffon;202;500;0,404
21001A732;Buffon;23;500;0,046
21001A90-;Scheut;156;1280;0,121875
21001A132;Veeweyde - Aurore;96;1302;0,073732719
21001B31-;Cureghem Vétérinaire;96;970;0,098969072
21001B25-;Cureghem Vétérinaire;376;970;0,387628866
21001B11-;Cureghem Rosée;88;608;0,144736842
21001A72-;Machtens;319;1981;0,161029783
21001A011;Anderlecht - Centre - Wayez;288;1315;0,219011407
21001B17-;Cureghem Rosée;106;608;0,174342105
21001A712;Scheut;96;1280;0,075
21001A07-;Industrie Birmingham;40;40;1
21001B21-;Cureghem Bara;342;1127;0,303460515
21001A911;Scheut;180;1280;0,140625
21001A931;Scheut;197;1280;0,15390625
21001A74-;Scheut;253;1280;0,19765625
21001A92-;Scheut;329;1280;0,25703125
21001A00-;Anderlecht - Centre - Wayez;238;1315;0,180988593
21001A95-;Buffon;275;500;0,55
21001B10-;Cureghem Rosée;260;608;0,427631579
21001B332;Cureghem Vétérinaire;115;970;0,118556701
21001B241;Cureghem Vétérinaire;195;970;0,201030928
21001A10-;Anderlecht - Centre - Wayez;100;1315;0,076045627
21001A120;Anderlecht - Centre - Wayez;311;1315;0,236501901
21001A152;Anderlecht - Centre - Wayez;124;1315;0,094296578
21001A02-;Anderlecht - Centre - Wayez;116;1315;0,088212928
21001A112;Veeweyde - Aurore;263;1302;0,201996928
21002A20-;Chaussée de Wavre - Saint-Julien;76;1185;0,064135021
21002A53-;Watermael Centre;78;608;0,128289474
21002A511;Chaussée de Wavre - Saint-Julien;212;1185;0,178902954
21002A23-;Chaussée de Wavre - Saint-Julien;102;1185;0,086075949
21002A22-;Chaussée de Wavre - Saint-Julien;56;1185;0,047257384
21002A24-;Chaussée de Wavre - Saint-Julien;90;1185;0,075949367
21002A25-;Chaussée de Wavre - Saint-Julien;112;1185;0,094514768
21002A45-;Chaussée de Wavre - Saint-Julien;59;1185;0,04978903
21002A441;Chant d'Oiseau;111;889;0,124859393
21002A130;Transvaal;124;564;0,219858156
21002A311;Chaussée de Wavre - Saint-Julien;76;1185;0,064135021
21002A372;Chaussée de Wavre - Saint-Julien;44;1185;0,037130802
21002A30-;Chaussée de Wavre - Saint-Julien;94;1185;0,079324895
21002A21-;Chaussée de Wavre - Saint-Julien;184;1185;0,155274262
21002A411;Putdael;40;74;0,540540541
21002A00-;Auderghem centre;74;376;0,196808511
21002A02-;Auderghem centre;60;376;0,159574468
21002A030;Trois Tilleuls;153;580;0,263793103
21002A11-;Transvaal;64;564;0,113475177
21002A10-;Transvaal;226;564;0,40070922
21002A14-;Transvaal;32;564;0,056737589
21002A12-;Transvaal;118;564;0,209219858
21002A43-;Auderghem centre;142;376;0,377659574
21002A041;Auderghem centre;40;376;0,106382979
21002A01-;Auderghem centre;60;376;0,159574468
21002A52-;Watermael Centre;50;608;0,082236842
21003A312;Potaarde;185;299;0,618729097
21003A323;Berchem Sainte-Agathe Centre;68;1418;0,047954866
21003A342;Korenbeek;70;777;0,09009009
21003A331;Berchem Sainte-Agathe Centre;68;1418;0,047954866
21003A04-;Potaarde;114;299;0,381270903
21003A0AJ;Berchem Sainte-Agathe Centre;120;1418;0,084626234
21003A02-;Berchem Sainte-Agathe Centre;272;1418;0,191819464
21003A03-;Korenbeek;134;777;0,172458172
21003A011;Berchem Sainte-Agathe Centre;160;1418;0,112834979
21003A212;Berchem Sainte-Agathe Centre;68;1418;0,047954866
21003A00-;Berchem Sainte-Agathe Centre;280;1418;0,197461213
21003A283;Berchem Sainte-Agathe Centre;16;1418;0,011283498
21003A11-;Berchem Sainte-Agathe Centre;111;1418;0,078279267
21003A05-;Berchem Sainte-Agathe Centre;151;1418;0,106488011
21003A41-;Berchem Sainte-Agathe Centre;69;1418;0,048660085
21003A2MJ;Berchem Sainte-Agathe Centre;35;1418;0,024682652
21003A10-;Hôpital Français;231;980;0,235714286
21004B421;Squares;219;789;0,27756654
21004B411;Squares;72;789;0,091254753
21004F511;Mutsaard;162;1070;0,151401869
21004C62-;Boondael;40;632;0,063291139
21004C65-;Fort Jaco;32;213;0,150234742
21004G310;Haren;106;640;0,165625
21004F94-;Heembeek;84;1351;0,062176166
21004F901;Heembeek;185;1351;0,136935603
21004G30-;Haren;349;640;0,5453125
21004F930;Heembeek;230;1351;0,170244264
21004G321;Haren;118;640;0,184375
21004B2WJ;Quartier Européen;12;71;0,169014085
21004B45-;Porte Tervueren;82;574;0,142857143
21004A25-;Béguinage - Dixmude;86;405;0,212345679
21004B2MJ;Quartier Européen;23;71;0,323943662
21004B44-;Squares;138;789;0,174904943
21004B43-;Squares;360;789;0,456273764
21004A24-;Dansaert;220;585;0,376068376
21004A35-;Martyrs;60;118;0,508474576
21004A83-;Béguinage - Dixmude;111;405;0,274074074
21004F531;Heembeek;254;1351;0,188008882
21004G3MJ;Haren;67;640;0,1046875
21004F91-;Heembeek;233;1351;0,172464841
21004F922;Heembeek;269;1351;0,199111769
21004G3NJ;Industrie OTAN;46;46;1
21004C642;Boondael;26;632;0,041139241
21004C61-;Boondael;46;632;0,07278481
21004C54-;Etangs d'Ixelles;70;261;0,268199234
21004C63-;Dries;66;427;0,154566745
21004B13-;Quartier Européen;20;71;0,281690141
21004F953;Heembeek;96;1351;0,071058475
21004F9MJ;Industrie Nord;202;202;1
21004A02-;Stalingrad;98;220;0,445454545
21004A70-;Marolles;441;1017;0,433628319
21004A03-;Stalingrad;122;220;0,554545455
21004A23-;Dansaert;214;585;0,365811966
21004A01-;Grand Place;40;110;0,363636364
21004A22-;Anneessens;282;889;0,317210349
21004B10-;Quartier Européen;16;71;0,225352113
21004A72-;Marolles;150;1017;0,147492625
21004A71-;Marolles;116;1017;0,114060964
21004A002;Grand Place;18;110;0,163636364
21004A34-;Grand Place;42;110;0,381818182
21004A15-;Marolles;28;1017;0,027531957
21004A04-;Marolles;112;1017;0,110127827
21004A16-;Marolles;170;1017;0,167158309
21004A20-;Dansaert;151;585;0,258119658
21004A14-;Sablon;84;114;0,736842105
21004A001;Grand Place;10;110;0,090909091
21004A32-;Martyrs;58;118;0,491525424
21004C52-;Châtelain;46;388;0,118556701
21004C552;Etangs d'Ixelles;76;261;0,291187739
21004C51-;Louise - Longue Haie;46;140;0,328571429
21004A33-;Notre-Dame-aux-Neiges;118;118;1
21004C53-;Brugmann - Lepoutre;22;708;0,031073446
21004C501;Châtelain;18;388;0,046391753
21004A21-;Anneessens;607;889;0,682789651
21004A13-;Sablon;30;114;0,263157895
21004E70-;Vieux Laeken Est;607;1910;0,317801047
21004E74-;Vieux Laeken Ouest;853;853;1
21004E201;Mutsaard;435;1070;0,406542056
21004E83-;Heysel;356;1332;0,267267267
21004E130;Houba;444;1672;0,265550239
21004E73-;Vieux Laeken Est;384;1910;0,20104712
21004E72-;Vieux Laeken Est;647;1910;0,338743455
21004D64-;Quartier Nord;82;1480;0,055405405
21004E112;Vieux Laeken Est;52;1910;0,027225131
21004D62-;Quartier Nord;311;1480;0,210135135
21004E211;Mutsaard;87;1070;0,081308411
21004D631;Quartier Maritime;16;1820;0,008791209
21004E12-;Houba;583;1672;0,348684211
21004D6NJ;Quartier Maritime;24;1820;0,013186813
21004A822;Béguinage - Dixmude;26;405;0,064197531
21004E800;Heysel;117;1332;0,087837838
21004E233;Mutsaard;52;1070;0,048598131
21004E101;Vieux Laeken Est;220;1910;0,115183246
21004A811;Béguinage - Dixmude;182;405;0,449382716
21004D672;Quartier Nord;82;1480;0,055405405
21004E14-;Houba;265;1672;0,158492823
21004F522;Mutsaard;165;1070;0,154205607
21004E82-;Heysel;443;1332;0,332582583
21004E222;Mutsaard;169;1070;0,157943925
21004E81-;Heysel;99;1332;0,074324324
21004D600;Quartier Nord;116;1480;0,078378378
21004D610;Quartier Nord;342;1480;0,231081081
21005A10-;Chasse;226;1159;0,194995686
21005A042;Chasse;280;1159;0,241587575
21005A02-;Saint-Pierre;165;722;0,228531856
21005A33-;Chaussée de Wavre - Saint-Julien;80;1185;0,067510549
21005A14-;Saint-Michel;168;426;0,394366197
21005A13-;Chasse;96;1159;0,082830026
21005A082;Saint-Pierre;26;722;0,03601108
21005A01-;Saint-Pierre;164;722;0,227146814
21005A322;Chasse;34;1159;0,029335634
21005A311;Chasse;120;1159;0,103537532
21005A20-;Porte Tervueren;92;574;0,160278746
21005A15-;Saint-Michel;141;426;0,330985915
21005A031;Jourdan;94;567;0,165784832
21005A051;Saint-Pierre;215;722;0,297783934
21005A11-;Saint-Pierre;152;722;0,210526316
21005A00-;Jourdan;220;567;0,388007055
21005A12-;Chasse;403;1159;0,347713546
21005A22-;Porte Tervueren;58;574;0,101045296
21005A21-;Porte Tervueren;32;574;0,055749129
21006A12-;Avenue Léopold III;86;709;0,121297602
21006A11-;Avenue Léopold III;60;709;0,084626234
21006A153;Conscience;102;719;0,1418637
21006A13-;Conscience;123;719;0,171070932
21006A02-;Paix;58;1080;0,053703704
21006A03-;Paix;71;1080;0,065740741
21006A094;Paix;20;1080;0,018518519
21006A515;Paix;110;1080;0,101851852
21006A24-;Paduwa;60;864;0,069444444
21006A403;Paduwa;157;864;0,181712963
21006A474;Paduwa;64;864;0,074074074
21006A201;Paduwa;208;864;0,240740741
21006A21-;Paduwa;77;864;0,08912037
21006A23-;Paduwa;190;864;0,219907407
21006A312;Avenue Léopold III;33;709;0,046544429
21006A101;Conscience;381;719;0,529902643
21006A001;Paix;260;1080;0,240740741
21006A414;Avenue Léopold III;244;709;0,344146685
21006A171;Avenue Léopold III;50;709;0,070521862
21006A25-;Paduwa;108;864;0,125
21006A22-;Avenue Léopold III;142;709;0,200282087
21006A011;Paix;235;1080;0,217592593
21006A142;Conscience;113;719;0,157162726
21006A042;Paix;120;1080;0,111111111
21006A052;Paix;206;1080;0,190740741
21006A323;Avenue Léopold III;94;709;0,1325811
21007A03-;Saint-Denis - Neerstalle;106;479;0,221294363
21007A252;Vossegat - Roosendaal;28;506;0,055335968
21007A201;Vossegat - Roosendaal;161;506;0,318181818
21007A21-;Vossegat - Roosendaal;24;506;0,04743083
21007A242;Vossegat - Roosendaal;51;506;0,100790514
21007A75-;Altitude 100;68;523;0,13001912
21007A111;Vossegat - Roosendaal;54;506;0,106719368
21007A41-;Bas Forest;41;624;0,065705128
21007A142;Van Volxem - Van Haelen;102;882;0,115646259
21007A53-;Van Volxem - Van Haelen;220;882;0,249433107
21007A50-;Van Volxem - Van Haelen;218;882;0,247165533
21007A51-;Van Volxem - Van Haelen;78;882;0,088435374
21007A552;Van Volxem - Van Haelen;24;882;0,027210884
21007A541;Van Volxem - Van Haelen;43;882;0,048752834
21007A61-;Bas Forest;445;624;0,713141026
21007A06-;Saint-Denis - Neerstalle;55;479;0,114822547
21007A04-;Saint-Denis - Neerstalle;42;479;0,087682672
21007A00-;Saint-Denis - Neerstalle;276;479;0,576200418
21007A101;Van Volxem - Van Haelen;197;882;0,223356009
21007A783;Parc Duden - Parc de Forest;32;32;1
21007A071;Industrie Sud;151;151;1
21007A70-;Altitude 100;185;523;0,353728489
21007A239;Altitude 100;220;523;0,420650096
21009A101;Flagey - Malibran;95;496;0,191532258
21009A03-;Louise - Longue Haie;94;140;0,671428571
21009A13-;Etangs d'Ixelles;56;261;0,214559387
21009A121;Etangs d'Ixelles;59;261;0,22605364
21009A63-;Hôpital Etterbeek-Ixelles;143;280;0,510714286
21009A42-;Brugmann - Lepoutre;163;708;0,230225989
21009A40-;Brugmann - Lepoutre;85;708;0,120056497
21009A301;Boondael;48;632;0,075949367
21009A812;Boondael;26;632;0,041139241
21009A33-;Boondael;199;632;0,314873418
21009A34-;Boondael;38;632;0,060126582
21009A21-;Université;122;300;0,406666667
21009A43-;Brugmann - Lepoutre;109;708;0,153954802
21009A41-;Brugmann - Lepoutre;113;708;0,15960452
21009A83-;Dries;114;427;0,266978923
21009A52-;Jourdan;253;567;0,446208113
21009A44-;Brugmann - Lepoutre;92;708;0,129943503
21009A712;Châtelain;41;388;0,105670103
21009A72-;Châtelain;58;388;0,149484536
21009A911;Hôpital Etterbeek-Ixelles;82;280;0,292857143
21009A311;Boondael;26;632;0,041139241
21009A802;Boondael;18;632;0,028481013
21009A82-;Boondael;62;632;0,098101266
21009A111;Flagey - Malibran;154;496;0,310483871
21009A01-;Flagey - Malibran;111;496;0,223790323
21009A22-;Université;178;300;0,593333333
21009A53-;Matonge;159;159;1
21009A612;Flagey - Malibran;136;496;0,274193548
21009A151;Hôpital Etterbeek-Ixelles;55;280;0,196428571
21009A73-;Brugmann - Lepoutre;124;708;0,175141243
21009A451;Châtelain;115;388;0,296391753
21010A04-;Woeste;364;1798;0,202447164
21010A03-;Jette Centre;299;894;0,334451902
21010A10-;Heymbosch - AZ-Jette;178;700;0,254285714
21010A121;Heymbosch - AZ-Jette;122;700;0,174285714
21010A111;Heymbosch - AZ-Jette;172;700;0,245714286
21010A312;Jette Centre;94;894;0,105145414
21010A1AJ;Heymbosch - AZ-Jette;228;700;0,325714286
21010A05-;Woeste;506;1798;0,281423804
21010A13-;Heysel;317;1332;0,237987988
21010A00-;Jette Centre;501;894;0,560402685
21010A141;Houba;380;1672;0,227272727
21010A01-;Woeste;526;1798;0,292547275
21010A21-;Basilique;290;841;0,344827586
21010A02-;Woeste;402;1798;0,223581758
21011A11-;Hôpital Français;169;980;0,17244898
21011A30-;Basilique;219;841;0,260404281
21011A20-;Basilique;332;841;0,394768133
21011A10-;Hôpital Français;208;980;0,212244898
21011A01-;Koekelberg;479;970;0,493814433
21011A02-;Koekelberg;269;970;0,277319588
21011A00-;Koekelberg;222;970;0,228865979
21011A12-;Hôpital Français;138;980;0,140816327
21012A552;Karreveld;128;1553;0,08242112
21012A833;Korenbeek;28;777;0,036036036
21012A84-;Machtens;164;1981;0,082786471
21012A24-;Machtens;321;1981;0,162039374
21012A26-;Machtens;276;1981;0,139323574
21012A25-;Karreveld;101;1553;0,065035415
21012A172;Gare de l'ouest;127;1010;0,125742574
21012A041;Molenbeek Historique;214;1824;0,117324561
21012A10-;Duchesse;292;615;0,474796748
21012A00-;Molenbeek Historique;266;1824;0,145833333
21012A05-;Molenbeek Historique;126;1824;0,069078947
21012A851;Machtens;88;1981;0,044422009
21012A882;Machtens;51;1981;0,025744573
21012A22-;Machtens;24;1981;0,012115093
21012A13-;Duchesse;168;615;0,273170732
21012A12-;Duchesse;155;615;0,25203252
21012A672;Quartier Maritime;280;1820;0,153846154
21012A60-;Quartier Maritime;552;1820;0,303296703
21012A63-;Quartier Maritime;266;1820;0,146153846
21012A62-;Quartier Maritime;532;1820;0,292307692
21012A511;Karreveld;332;1553;0,213779781
21012A20-;Machtens;228;1981;0,115093387
21012A72-;Molenbeek Historique;278;1824;0,152412281
21012A611;Quartier Maritime;150;1820;0,082417582
21012A53-;Karreveld;59;1553;0,037990985
21012A54-;Karreveld;336;1553;0,216355441
21012A50-;Hôpital Français;234;980;0,23877551
21012A71-;Molenbeek Historique;387;1824;0,212171053
21012A21-;Karreveld;231;1553;0,148744366
21012A152;Gare de l'ouest;602;1010;0,596039604
21012A52-;Karreveld;366;1553;0,235672891
21012A30-;Machtens;178;1981;0,089853609
21012A23-;Machtens;332;1981;0,167592125
21012A41-;Moortebeek - Peterbos;148;886;0,167042889
21012A822;Korenbeek;456;777;0,586872587
21012A811;Korenbeek;89;777;0,114543115
21012A141;Gare de l'ouest;281;1010;0,278217822
21012A03-;Molenbeek Historique;195;1824;0,106907895
21012A11-;Cureghem Rosée;154;608;0,253289474
21012A02-;Molenbeek Historique;103;1824;0,056469298
21012A011;Molenbeek Historique;119;1824;0,065241228
21012A732;Molenbeek Historique;136;1824;0,074561404
21013A242;Porte de Hal;149;1033;0,144240077
21013A102;Porte de Hal;24;1033;0,023233301
21013A101;Porte de Hal;169;1033;0,163601162
21013A13-;Porte de Hal;160;1033;0,154888674
21013A121;Bosnie;66;570;0,115789474
21013A422;Bosnie;244;570;0,428070175
21013A11-;Haut Saint-Gilles;92;838;0,109785203
21013A01-;Haut Saint-Gilles;171;838;0,204057279
21013A04-;Haut Saint-Gilles;99;838;0,118138425
21013A201;Porte de Hal;189;1033;0,182962246
21013A252;Porte de Hal;180;1033;0,174249758
21013A23-;Bas Forest;138;624;0,221153846
21013A02-;Berckmans - Hôtel des Monnaies;119;383;0,310704961
21013A612;Cureghem Bara;18;1127;0,015971606
21013A22-;Bosnie;260;570;0,456140351
21013A211;Porte de Hal;162;1033;0,156824782
21013A052;Châtelain;44;388;0,113402062
21013A151;Berckmans - Hôtel des Monnaies;114;383;0,297650131
21013A522;Berckmans - Hôtel des Monnaies;64;383;0,167101828
21013A40-;Haut Saint-Gilles;137;838;0,163484487
21013A41-;Haut Saint-Gilles;171;838;0,204057279
21013A031;Châtelain;66;388;0,170103093
21013A00-;Haut Saint-Gilles;168;838;0,200477327
21013A51-;Berckmans - Hôtel des Monnaies;86;383;0,224543081
21014A00-;Saint-Josse Centre;262;1506;0,173970784
21014A02-;Saint-Josse Centre;98;1506;0,065073041
21014A14-;Quartier Brabant;103;1780;0,057865169
21014A41-;Saint-Josse Centre;348;1506;0,231075697
21014A10-;Quartier Brabant;229;1780;0,128651685
21014A03-;Saint-Josse Centre;85;1506;0,056440903
21014A12-;Quartier Brabant;21;1780;0,011797753
21014A01-;Saint-Josse Centre;88;1506;0,058432935
21014A04-;Chaussée de Haecht;250;1603;0,15595758
21014A05-;Saint-Josse Centre;625;1506;0,41500664
21014A3MJ;Quartier Nord;30;1480;0,02027027
21015A50-;Plasky;293;618;0,474110032
21015A77-;Reyers;164;281;0,583629893
21015A73-;Reyers;117;281;0,416370107
21015A782;Gare Josaphat;26;378;0,068783069
21015A31-;Dailly;162;1405;0,115302491
21015A36-;Josaphat;122;533;0,228893058
21015A70-;Gare Josaphat;150;378;0,396825397
21015A721;Gare Josaphat;94;378;0,248677249
21015A822;Terdelt;36;815;0,044171779
21015A34-;Josaphat;126;533;0,236397749
21015A63-;Josaphat;117;533;0,219512195
21015A883;Terdelt;27;815;0,033128834
21015A811;Terdelt;127;815;0,155828221
21015A831;Terdelt;259;815;0,317791411
21015A03-;Chaussée de Haecht;500;1603;0,311915159
21015A021;Colignon;339;1744;0,194380734
21015A30-;Dailly;267;1405;0,190035587
21015A32-;Dailly;209;1405;0,148754448
21015A64-;Dailly;292;1405;0,207829181
21015A33-;Dailly;209;1405;0,148754448
21015A35-;Josaphat;168;533;0,315196998
21015A53-;Dailly;266;1405;0,189323843
21015A54-;Plasky;325;618;0,525889968
21015A52-;Porte Tervueren;165;574;0,287456446
21015A51-;Georges Henri;126;1071;0,117647059
21015A05-;Chaussée de Haecht;395;1603;0,246412976
21015A12-;Gare de Schaerbeek;190;739;0,257104195
21015A152;Gare de Schaerbeek;375;739;0,50744249
21015A101;Gare de Schaerbeek;174;739;0,235453315
21015A111;Helmet;283;1206;0,234660033
21015A142;Helmet;24;1206;0,019900498
21015A622;Colignon;64;1744;0,036697248
21015A71-;Gare Josaphat;108;378;0,285714286
21015A04-;Chaussée de Haecht;458;1603;0,285714286
21015A421;Quartier Brabant;178;1780;0,1
21015A40-;Quartier Brabant;364;1780;0,204494382
21015A43-;Quartier Nord;168;1480;0,113513514
21015A44-;Quartier Nord;349;1480;0,235810811
21015A41-;Quartier Brabant;305;1780;0,171348315
21015A612;Quartier Brabant;413;1780;0,232022472
21015A45-;Quartier Brabant;167;1780;0,093820225
21015A00-;Colignon;739;1744;0,423738532
21015A01-;Colignon;116;1744;0,066513761
21015A24-;Colignon;254;1744;0,145642202
21015A13-;Colignon;232;1744;0,133027523
21015A22-;Terdelt;366;815;0,449079755
21015A272;Helmet;10;1206;0,008291874
21015A231;Helmet;139;1206;0,115257048
21015A20-;Helmet;521;1206;0,432006633
21015A21-;Helmet;229;1206;0,189883914
21016A901;Globe;148;1051;0,140818268
21016A81-;Churchill;172;652;0,263803681
21016A82-;Churchill;268;652;0,411042945
21016A232;Montjoie - Langeveld;110;389;0,28277635
21016A831;Montjoie - Langeveld;201;389;0,516709512
21016A111;Observatoire;62;451;0,137472284
21016A841;Montjoie - Langeveld;30;389;0,077120823
21016A85-;Churchill;69;652;0,105828221
21016A042;Montjoie - Langeveld;48;389;0,123393316
21016A03-;Globe;201;1051;0,191246432
21016A02-;Globe;228;1051;0,216936251
21016A922;Globe;74;1051;0,070409134
21016A912;Globe;81;1051;0,077069458
21016A933;Vossegat - Roosendaal;188;506;0,371541502
21016A731;Kalevoet - Moensberg;42;896;0,046875
21016A701;Kalevoet - Moensberg;193;896;0,215401786
21016A772;Kalevoet - Moensberg;72;896;0,080357143
21016A72-;Kalevoet - Moensberg;71;896;0,079241071
21016A71-;Kalevoet - Moensberg;121;896;0,135044643
21016A954;Globe;16;1051;0,015223597
21016A80-;Churchill;143;652;0,219325153
21016A225;Observatoire;24;451;0,053215078
21016A64-;Kalevoet - Moensberg;172;896;0,191964286
21016A05-;Molière - Longchamp;261;261;1
21016A533;Kalevoet - Moensberg;41;896;0,045758929
21016A943;Altitude 100;50;523;0,095602294
21016A65-;Kalevoet - Moensberg;90;896;0,100446429
21016A601;Kalevoet - Moensberg;94;896;0,104910714
21016A620;Kriekenput - Homborch - Verrewinkel;74;369;0,200542005
21016A01-;Dieweg;349;566;0,616607774
21016A00-;Globe;303;1051;0,28829686
21016A102;Observatoire;168;451;0,372505543
21016A12-;Observatoire;165;451;0,365853659
21016A44-;Dieweg;217;566;0,383392226
21016A214;Observatoire;32;451;0,070953437
21016A322;Fort Jaco;52;213;0,244131455
21016A400;Saint-Job Kauwberg;211;436;0,483944954
21016A429;Saint-Job Kauwberg;126;436;0,288990826
21016A410;Saint-Job Kauwberg;73;436;0,167431193
21016A490;Saint-Job Kauwberg;26;436;0,059633028
21016A639;Kriekenput - Homborch - Verrewinkel;217;369;0,588075881
21016A610;Kriekenput - Homborch - Verrewinkel;44;369;0,119241192
21016A521;Kriekenput - Homborch - Verrewinkel;34;369;0,092140921
21016A342;Vivier d'Oie;232;232;1
21016A311;Fort Jaco;129;213;0,605633803
21017A512;Watermael Centre;64;608;0,105263158
21017A541;Watermael Centre;46;608;0,075657895
21017A635;Trois Tilleuls;48;580;0,082758621
21017A11-;Trois Tilleuls;145;580;0,25
21017A240;Boitsfort Centre;56;416;0,134615385
21017A230;Boitsfort Centre;84;416;0,201923077
21017A220;Trois Tilleuls;48;580;0,082758621
21017A443;Dries;74;427;0,173302108
21017A41-;Boondael;103;632;0,162974684
21017A523;Watermael Centre;79;608;0,129934211
21017A624;Watermael Centre;53;608;0,087171053
21017A534;Watermael Centre;20;608;0,032894737
21017A501;Watermael Centre;20;608;0,032894737
21017A432;Dries;81;427;0,18969555
21017A021;Boitsfort Centre;22;416;0,052884615
21017A01-;Boitsfort Centre;96;416;0,230769231
21017A12-;Trois Tilleuls;186;580;0,320689655
21017A13-;Watermael Centre;93;608;0,152960526
21017A212;Watermael Centre;105;608;0,172697368
21017A000;Boitsfort Centre;84;416;0,201923077
21017A451;Dries;92;427;0,215456674
21017A041;Boitsfort Centre;74;416;0,177884615
21018A20-;Georges Henri;224;1071;0,209150327
21018A72-;Porte Tervueren;145;574;0,25261324
21018A21-;Georges Henri;200;1071;0,186741363
21018A35-;Val d'Or;114;750;0,152
21018A34-;Val d'Or;94;750;0,125333333
21018A32-;Val d'Or;42;750;0,056
21018A311;Val d'Or;125;750;0,166666667
21018A33-;Val d'Or;130;750;0,173333333
21018A22-;Gribaumont;118;702;0,168091168
21018A512;Gribaumont;94;702;0,133903134
21018A031;Gribaumont;91;702;0,12962963
21018A04-;Roodebeek - Constellations;137;962;0,142411642
21018A02-;Gribaumont;88;702;0,125356125
21018A37-;Val d'Or;20;750;0,026666667
21018A63-;Roodebeek - Constellations;168;962;0,174636175
21018A05-;Roodebeek - Constellations;88;962;0,091476091
21018A61-;Georges Henri;150;1071;0,140056022
21018A62-;Georges Henri;239;1071;0,223155929
21018A24-;Georges Henri;132;1071;0,1232493
21018A09-;Gribaumont;12;702;0,017094017
21018A30-;Roodebeek - Constellations;77;962;0,08004158
21018A643;Roodebeek - Constellations;130;962;0,135135135
21018A60-;Roodebeek - Constellations;35;962;0,036382536
21018A81-;Kapelleveld;48;407;0,117936118
21018A84-;Kapelleveld;84;407;0,206388206
21018A00-;Roodebeek - Constellations;105;962;0,109147609
21018A43-;Roodebeek - Constellations;78;962;0,081081081
21018A41-;Roodebeek - Constellations;72;962;0,074844075
21018A42-;Roodebeek - Constellations;72;962;0,074844075
21018A01-;Boulevard de la Woluwe;62;488;0,12704918
21018A15-;Boulevard de la Woluwe;18;488;0,036885246
21018A14-;Boulevard de la Woluwe;95;488;0,194672131
21018A13-;Boulevard de la Woluwe;67;488;0,137295082
21018A12-;Stockel;100;647;0,154559505
21018A82-;Kapelleveld;43;407;0,105651106
21018A83-;Kapelleveld;76;407;0,186732187
21018A87-;Kapelleveld;16;407;0,039312039
21018A3MJ;Val d'Or;225;750;0,3
21019A231;Boulevard de la Woluwe;80;488;0,163934426
21019A242;Saint-Paul;64;557;0,114901257
21019A252;Saint-Paul;93;557;0,166965889
21019A131;Stockel;136;647;0,210200927
21019A12-;Stockel;56;647;0,086553323
21019A45-;Saint-Paul;76;557;0,136445242
21019A52-;Gribaumont;64;702;0,091168091
21019A51-;Saint-Michel;117;426;0,274647887
21019A04-;Gribaumont;70;702;0,0997151
21019A03-;Gribaumont;94;702;0,133903134
21019A02-;Gribaumont;18;702;0,025641026
21019A052;Gribaumont;53;702;0,075498575
21019A001;Boulevard de la Woluwe;114;488;0,233606557
21019A34-;Chant d'Oiseau;111;889;0,124859393
21019A30-;Chant d'Oiseau;88;889;0,098987627
21019A33-;Chant d'Oiseau;132;889;0,14848144
21019A01-;Boulevard de la Woluwe;52;488;0,106557377
21019A11-;Stockel;86;647;0,132921175
21019A31-;Chant d'Oiseau;95;889;0,106861642
21019A32-;Chant d'Oiseau;240;889;0,269966254
21019A35-;Chant d'Oiseau;112;889;0,125984252
21019A20-;Saint-Paul;100;557;0,179533214
21019A14-;Stockel;106;647;0,163833076
21019A10-;Stockel;163;647;0,251931994
21019A21-;Saint-Paul;108;557;0,193895871
21019A40-;Sainte-Alix - Joli Bois;244;372;0,655913978
21019A15-;Kapelleveld;140;407;0,343980344
21019A42-;Saint-Paul;88;557;0,157989228
21019A22-;Putdael;34;74;0,459459459
21019A441;Saint-Paul;28;557;0,0502693
21019A41-;Sainte-Alix - Joli Bois;92;372;0,247311828
21019A43-;Sainte-Alix - Joli Bois;36;372;0,096774194
21001C6PB;Neerpede;33;71;0,464788732
