Code;Territoire;Commune;Surface_ss;Surface_commune;Rapport_surface;Nb_touristes_Commune;Nb_touristes_ss
21001A041;VEEWEYDE-SUD;Anderlecht;0,15746;17,91204;0,008790735;298,6575342;2,62541929
21001A472;STADE COMMUNAL - INDUSTRIE;Anderlecht;0,08541;17,91204;0,004768301;298,6575342;1,424089048
21001A83-;PETERBOS;Anderlecht;0,17297;17,91204;0,009656633;298,6575342;2,884026258
21001A503;VIVES;Anderlecht;0,05791;17,91204;0,003233021;298,6575342;0,965566055
21001A3MJ;CERIA I;Anderlecht;0,25102;17,91204;0,014014037;298,6575342;4,18539788
21001A331;WALCOURT;Anderlecht;0,07169;17,91204;0,004002336;298,6575342;1,195327759
21001A332;ROUE;Anderlecht;0,07748;17,91204;0,004325582;298,6575342;1,291867691
21001A43-;VAN BEETHOVEN;Anderlecht;0,07357;17,91204;0,004107293;298,6575342;1,226674058
21001A401;ARBORETUM;Anderlecht;0,06047;17,91204;0,003375942;298,6575342;1,008250378
21001A32-;AURORE;Anderlecht;0,16058;17,91204;0,00896492;298,6575342;2,677440808
21001A53-;NELLIE MELBA;Anderlecht;0,08969;17,91204;0,005007247;298,6575342;1,4954519
21001A41-;ROMAIN ROLLAND;Anderlecht;0,19839;17,91204;0,01107579;298,6575342;3,307868239
21001A492;ETANGS - PARC;Anderlecht;0,07544;17,91204;0,004211692;298,6575342;1,257853622
21001A37-;ZUEN - INDUSTRIE;Anderlecht;0,23869;17,91204;0,013325674;298,6575342;3,979812844
21001A85-;AUBADE;Anderlecht;0,08354;17,91204;0,004663902;298,6575342;1,392909485
21001B3MJ;PETITE ILE - RIVE DROITE;Anderlecht;1,97042;17,91204;0,110005337;298,6575342;32,85392276
21001A51-;SCHERDEMAEL;Anderlecht;0,18852;17,91204;0,010524764;298,6575342;3,143300169
21001A42-;KAT;Anderlecht;0,06366;17,91204;0,003554034;298,6575342;1,061439045
21001A52-;SCHERDEMAEL-NORD;Anderlecht;0,1722;17,91204;0,009613645;298,6575342;2,871187614
21001C70-;BON AIR - CENTRE;Anderlecht;0,06943;17,91204;0,003876164;298,6575342;1,157645506
21001A552;TREFLE;Anderlecht;0,46947;17,91204;0,026209745;298,6575342;7,827737801
21001A84-;POESIE;Anderlecht;0,11765;17,91204;0,006568208;298,6575342;1,961644732
21001A34-;ROUE - CITE JARDIN;Anderlecht;0,20229;17,91204;0,011293521;298,6575342;3,372895137
21001A350;CERIA - ZONE D'HABITAT;Anderlecht;0,18902;17,91204;0,010552679;298,6575342;3,151636951
21001A441;DOCTEUR ROUX;Anderlecht;0,12758;17,91204;0,007122583;298,6575342;2,127213216
21001C512;CHANTS D'OISEAUX;Anderlecht;0,26559;17,91204;0,014827457;298,6575342;4,428331699
21001C71-;BON AIR - CITE JARDIN;Anderlecht;0,23128;17,91204;0,012911985;298,6575342;3,856261739
21001A82-;MOORTEBEEK;Anderlecht;0,3266;17,91204;0,018233546;298,6575342;5,445585801
21001C611;SOETKIN;Anderlecht;0,45042;17,91204;0,025146215;298,6575342;7,510106419
21001C581;CIMETIERE;Anderlecht;0,69207;17,91204;0,03863714;298,6575342;11,53927301
21001C522;HOPITAL U.L.B.;Anderlecht;0,53166;17,91204;0,029681711;298,6575342;8,864666708
21001A451;VENIZELOS;Anderlecht;0,11868;17,91204;0,006625711;298,6575342;1,978818502
21001A30-;BIZET;Anderlecht;0,19448;17,91204;0,010857501;298,6575342;3,242674607
21001A80-;SILLON;Anderlecht;0,23276;17,91204;0,012994611;298,6575342;3,880938613
21001A81-;BROECK;Anderlecht;0,23399;17,91204;0,01306328;298,6575342;3,901447096
21001C79-;BON AIR - HABITATIONS DISP.;Anderlecht;0,2015;17,91204;0,011249417;298,6575342;3,359723022
21001A31-;CHAUSSEE DE MONS - SAINT-LUC;Anderlecht;0,09467;17,91204;0,005285272;298,6575342;1,578486245
21001A031;RAUTER-SUD;Anderlecht;0,10894;17,91204;0,006081943;298,6575342;1,816417995
21001B22-;BROGNIEZ-SUD;Anderlecht;0,07465;17,91204;0,004167588;298,6575342;1,244681506
21001B321;ALBERT I- QUARTIER;Anderlecht;0,14636;17,91204;0,00817104;298,6575342;2,440342737
21001B20-;CONSEIL-NORD;Anderlecht;0,19645;17,91204;0,010967483;298,6575342;3,275521526
21001B23-;CONSEIL-SUD;Anderlecht;0,09088;17,91204;0,005073682;298,6575342;1,51529344
21001A142;VEEWEYDE-NORD;Anderlecht;0,08827;17,91204;0,00492797;298,6575342;1,47177544
21001A051;LINDE-EST;Anderlecht;0,1042;17,91204;0,005817316;298,6575342;1,737385304
21001A941;CROCUS;Anderlecht;0,13282;17,91204;0,007415124;298,6575342;2,214582688
21001A732;SCHEUTVELD;Anderlecht;0,12322;17,91204;0,006879172;298,6575342;2,05451648
21001A982;PARC FORESTIER;Anderlecht;0,04665;17,91204;0,002604393;298,6575342;0,777821732
21001A90-;SCHEUTKAPEL;Anderlecht;0,16311;17,91204;0,009106165;298,6575342;2,719624923
21001A783;SCHEUT-INTERNAT;Anderlecht;0,04418;17,91204;0,002466497;298,6575342;0,73663803
21001A132;RAUTER-NORD;Anderlecht;0,07615;17,91204;0,00425133;298,6575342;1,269691852
21001B31-;ALBERT I- IMMEUBLES;Anderlecht;0,03662;17,91204;0,002044435;298,6575342;0,610585891
21001B25-;REVISION-NORD;Anderlecht;0,17753;17,91204;0,009911211;298,6575342;2,960057707
21001B11-;ROSEE-OUEST;Anderlecht;0,09011;17,91204;0,005030694;298,6575342;1,502454796
21001A72-;OSSEGEM;Anderlecht;0,19547;17,91204;0,010912772;298,6575342;3,259181434
21001A011;KLEINMOLEN;Anderlecht;0,17884;17,91204;0,009984346;298,6575342;2,981900075
21001B17-;ABATTOIR;Anderlecht;0,26546;17,91204;0,014820199;298,6575342;4,426164135
21001A712;SCHEUT - DE SMET;Anderlecht;0,08418;17,91204;0,004699632;298,6575342;1,403580566
21001A07-;BIRMINGHAM;Anderlecht;0,25362;17,91204;0,014159191;298,6575342;4,228749145
21001B21-;BROGNIEZ-NORD;Anderlecht;0,1416;17,91204;0,007905297;298,6575342;2,360976575
21001A911;SCHEUT-EST;Anderlecht;0,13878;17,91204;0,007747861;298,6575342;2,313957126
21001A931;AGRAFE-NORBERT GILLE;Anderlecht;0,15085;17,91204;0,00842171;298,6575342;2,515207036
21001A74-;SCHEUT-OUEST;Anderlecht;0,1519;17,91204;0,008480329;298,6575342;2,532714278
21001A92-;JAKOB SMITS;Anderlecht;0,21014;17,91204;0,011731774;298,6575342;3,503782609
21001A00-;RESISTANCE;Anderlecht;0,12514;17,91204;0,006986362;298,6575342;2,086529722
21001A08-;ASTRID (PARC);Anderlecht;0,16494;17,91204;0,009208331;298,6575342;2,750137544
21001A95-;BUFFON;Anderlecht;0,20044;17,91204;0,011190239;298,6575342;3,342049044
21001B10-;ROSEE-EST;Anderlecht;0,14214;17,91204;0,007935445;298,6575342;2,369980299
21001B332;GOUJONS;Anderlecht;0,05648;17,91204;0,003153186;298,6575342;0,94172286
21001B241;REVISION-SUD;Anderlecht;0,14656;17,91204;0,008182206;298,6575342;2,443677449
21001B372;DEUX GARES;Anderlecht;0,10827;17,91204;0,006044538;298,6575342;1,805246707
21001A10-;PORSELEIN;Anderlecht;0,08005;17,91204;0,004469061;298,6575342;1,334718749
21001A120;MINIMES;Anderlecht;0,1278;17,91204;0,007134866;298,6575342;2,1308814
21001A152;LINDE-OUEST;Anderlecht;0,07549;17,91204;0,004214484;298,6575342;1,2586873
21001A02-;WAYEZ;Anderlecht;0,03875;17,91204;0,002163349;298,6575342;0,646100581
21001A112;BIESTEBROEK;Anderlecht;0,15561;17,91204;0,008687453;298,6575342;2,594573198
21002A20-;SAINT-JULIEN;Auderghem;0,10522;8,97203;0,011727558;0;0
21002A53-;PECHERIES;Auderghem;0,06216;8,97203;0,006928198;0;0
21002A511;INVALIDES (BOULEVARD DES);Auderghem;0,20777;8,97203;0,023157524;0;0
21002A23-;TH. BALIS (PLACE);Auderghem;0,1036;8,97203;0,011546997;0;0
21002A22-;CANARIS (AVENUE DES);Auderghem;0,09734;8,97203;0,010849273;0;0
21002A24-;AVENUE DE BROUCKERE;Auderghem;0,08688;8,97203;0,009683427;0;0
21002A25-;WATERMAEL (CHAUSSEE DE);Auderghem;0,14635;8,97203;0,016311805;0;0
21002A45-;VAL DUC;Auderghem;0,11688;8,97203;0,013027152;0;0
21002A441;CHANT D'OISEAUX;Auderghem;0,2388;8,97203;0,02661605;0;0
21002A482;VAL DUCHESSE;Auderghem;0,28024;8,97203;0,031234849;0;0
21002A190;FORET DE SOIGNES;Auderghem;2,79381;8,97203;0,311391068;0;0
21002A130;PARC DES PRINCES;Auderghem;0,29761;8,97203;0,033170865;0;0
21002A572;DEPOT METRO;Auderghem;0,09362;8,97203;0,010434651;0;0
21002A311;AMITIE (PLACE DE L');Auderghem;0,07475;8,97203;0,008331448;0;0
21002A372;QUARTIER INDUSTRIE;Auderghem;0,06476;8,97203;0,007217987;0;0
21002A492;WOLUWE PARC;Auderghem;0,12317;8,97203;0,01372822;0;0
21002A30-;TRIOMPHE (BOULEVARD DU);Auderghem;0,12997;8,97203;0,014486131;0;0
21002A21-;LEBON;Auderghem;0,17614;8,97203;0,019632123;0;0
21002A411;PUTDAAL;Auderghem;0,25406;8,97203;0,028316891;0;0
21002A00-;CENTRE - NORD;Auderghem;0,13477;8,97203;0,015021127;0;0
21002A39-;CHEMIN DE FER;Auderghem;0,16174;8,97203;0,018027135;0;0
21002A18-;ROUGE CLOITRE;Auderghem;0,90702;8,97203;0,101094178;0;0
21002A02-;CENTRE-SUD;Auderghem;0,1784;8,97203;0,019884017;0;0
21002A030;LAMMERENDRIES;Auderghem;0,19855;8,97203;0,022129886;0;0
21002A15-;SOUVERAIN (BLV DU)- BUILDINGS;Auderghem;0,01937;8,97203;0,002158932;0;0
21002A11-;SACRE-COEUR;Auderghem;0,12197;8,97203;0,013594471;0;0
21002A10-;TRANSVAAL;Auderghem;0,29167;8,97203;0,032508808;0;0
21002A14-;TEN REUKEN;Auderghem;0,12831;8,97203;0,014301111;0;0
21002A12-;AVENUE SCHALLER;Auderghem;0,36974;8,97203;0,041210295;0;0
21002A43-;SOUVERAIN (BOULEVARD DU) NORD;Auderghem;0,18501;8,97203;0,020620751;0;0
21002A091;TROIS COULEURS;Auderghem;0,29383;8,97203;0,032749556;0;0
21002A422;AVENUE IS.GERARD;Auderghem;0,07191;8,97203;0,008014909;0;0
21002A072;CENTRE COMMERCIAL;Auderghem;0,10186;8,97203;0,011353061;0;0
21002A041;VIGNETTE;Auderghem;0,07865;8,97203;0,008766132;0;0
21002A01-;SAINTE-ANNE;Auderghem;0,12529;8,97203;0,01396451;0;0
21002A52-;BEAULIEU;Auderghem;0,15079;8,97203;0,016806676;0;0
21003A38-;KONINCKXBOS;Berchem Sainte-Agathe;0,17803;2,94776;0,060395012;0;0
21003A312;POTAARDE  VLAK;Berchem Sainte-Agathe;0,41239;2,94776;0,139899449;0;0
21003A323;SEPT ETOILES;Berchem Sainte-Agathe;0,09724;2,94776;0,03298776;0;0
21003A342;HOGENBOS;Berchem Sainte-Agathe;0,17711;2,94776;0,06008291;0;0
21003A331;ALLEE VERTE;Berchem Sainte-Agathe;0,06779;2,94776;0,022997123;0;0
21003A04-;L. DE SMET;Berchem Sainte-Agathe;0,06234;2,94776;0,021148262;0;0
21003A0AJ;HUNDERENVELD;Berchem Sainte-Agathe;0,14669;2,94776;0,04976321;0;0
21003A02-;LAURE - BASILIQUE;Berchem Sainte-Agathe;0,29816;2,94776;0,10114799;0;0
21003A03-;HAUT-CHAMP;Berchem Sainte-Agathe;0,16498;2,94776;0,055967921;0;0
21003A011;MOLENBERG;Berchem Sainte-Agathe;0,13146;2,94776;0,044596575;0;0
21003A212;CLOS DU ZAVELENBERG;Berchem Sainte-Agathe;0,04377;2,94776;0,014848563;0;0
21003A00-;CENTRE;Berchem Sainte-Agathe;0,25495;2,94776;0,086489402;0;0
21003A283;ZAVELENBERG;Berchem Sainte-Agathe;0,18617;2,94776;0,063156431;0;0
21003A11-;CITE MODERNE;Berchem Sainte-Agathe;0,06941;2,94776;0,023546693;0;0
21003A05-;DE SELLIERS DE MORANVILLE;Berchem Sainte-Agathe;0,22779;2,94776;0,077275626;0;0
21003A41-;MONNET;Berchem Sainte-Agathe;0,02336;2,94776;0,007924661;0;0
21003A2MJ;GARE;Berchem Sainte-Agathe;0,23994;2,94776;0,0813974;0;0
21003A10-;HOPITAL FRANCAIS;Berchem Sainte-Agathe;0,16617;2,94776;0,056371618;0;0
21004B421;MARIE-LOUISE (SQUARE);Bruxelles;0,22513;33,07572;0,006806503;5426,131507;36,93298245
21004B411;DEUX EGLISES (RUE DES);Bruxelles;0,11173;33,07572;0,003378007;5426,131507;18,32950797
21004F511;AVENUE DES PAGODES;Bruxelles;0,183;33,07572;0,005532759;5426,131507;30,02147998
21004C62-;BOENDAAL-OUEST;Bruxelles;0,09453;33,07572;0,002857988;5426,131507;15,50781695
21004C65-;VIVIER D'OIE;Bruxelles;0,15589;33,07572;0,004713125;5426,131507;25,57403559
21004G310;HAREN-SUD-OUEST;Bruxelles;0,30773;33,07572;0,009303804;5426,131507;50,48366139
21004D6MJ;QUAI DES USINES - MONNOYER;Bruxelles;1,64215;33,07572;0,049648201;5426,131507;269,3976686
21004F94-;VAL MARIA;Bruxelles;0,19444;33,07572;0,005878632;5426,131507;31,89823261
21004F901;PLACE PETER BENOIT;Bruxelles;0,23182;33,07572;0,007008767;5426,131507;38,03048901
21004G371;GARE DE FORMATION;Bruxelles;2,07856;33,07572;0,062842472;5426,131507;340,991516
21004G30-;SAINTE-ELISABETH;Bruxelles;0,67547;33,07572;0,020421929;5426,131507;110,8120715
21004F930;COIN DES CERISES;Bruxelles;0,0932;33,07572;0,002817777;5426,131507;15,28962805
21004G321;HAREN-EST;Bruxelles;0,29514;33,07572;0,008923162;5426,131507;48,41824918
21004B2WJ;RUE DE PASCAL - ST.-SACREMENT;Bruxelles;0,07131;33,07572;0,002155962;5426,131507;11,69853408
21004B45-;ECOLE MILITAIRE;Bruxelles;0,13964;33,07572;0,004221828;5426,131507;22,90819379
21004B49-;CINQUANTENAIRE (PARC DU);Bruxelles;0,3265;33,07572;0,009871289;5426,131507;53,56291373
21004B1MJ;RUE JOSEPH II;Bruxelles;0,05199;33,07572;0,001571848;5426,131507;8,529053246
21004A25-;BEGUINAGE (PLACE DU);Bruxelles;0,14891;33,07572;0,004502094;5426,131507;24,42895401
21004B2MJ;SCHUMAN (ROND-POINT);Bruxelles;0,15967;33,07572;0,004827408;5426,131507;26,19415141
21004B44-;AMBIORIX-SUD (SQUARE);Bruxelles;0,21401;33,07572;0,006470305;5426,131507;35,10872639
21004B43-;AMBIORIX-NORD (SQUARE);Bruxelles;0,25413;33,07572;0,007683279;5426,131507;41,69048474
21004B293;LEOPOLD (PARC);Bruxelles;0,11196;33,07572;0,00338496;5426,131507;18,36723988
21004A24-;MARCHE AU PORCS;Bruxelles;0,18922;33,07572;0,005720813;5426,131507;31,04188219
21004F970;MARLY-NORD;Bruxelles;0,91218;33,07572;0,027578538;5426,131507;149,6447738
21004A35-;AD. MAX (BOULEVARD);Bruxelles;0,16804;33,07572;0,005080464;5426,131507;27,567265
21004A83-;E. JACQMAIN (BOULEVARD)-OUEST;Bruxelles;0,08002;33,07572;0,002419297;5426,131507;13,12742529
21004F994;TRASSERSWEG - NEDER-HEEMBEEK;Bruxelles;0,31678;33,07572;0,009577418;5426,131507;51,96833021
21004F531;RUE DES FAINES;Bruxelles;0,19868;33,07572;0,006006823;5426,131507;32,59381225
21004E180;DOMAINE ROYALE;Bruxelles;2,58709;33,07572;0,078217194;5426,131507;424,4167794
21004E292;AVENUE DES CROIX DU FEU;Bruxelles;0,20313;33,07572;0,006141363;5426,131507;33,32384278
21004G3MJ;DOBBELENBERG (RUE DE);Bruxelles;0,6592;33,07572;0,019930027;5426,131507;108,1429486
21004F572;MARLY-SUD;Bruxelles;0,66706;33,07572;0,020167664;5426,131507;109,4323958
21004F91-;CROIX DE GUERRE (AVENUE DES);Bruxelles;0,27366;33,07572;0,008273743;5426,131507;44,89441645
21004F922;RUE CHATEAU BEYAERD;Bruxelles;0,32754;33,07572;0,009902732;5426,131507;53,73352761
21004G3NJ;HAREN-SUD;Bruxelles;2,10608;33,07572;0,063674502;5426,131507;345,5062216
21004C642;AVENUE FRANKLIN ROOSEVELT;Bruxelles;0,21667;33,07572;0,006550727;5426,131507;35,54510419
21004C591;CAMBRE (BOIS DE LA);Bruxelles;1,25297;33,07572;0,037881866;5426,131507;205,5519878
21004C61-;U.L.B.;Bruxelles;0,24386;33,07572;0,00737278;5426,131507;40,00567272
21004C54-;LOUISE (AVENUE)-SUD-EST;Bruxelles;0,21625;33,07572;0,006538028;5426,131507;35,47620243
21004C63-;NATIONS (SQUARE DES);Bruxelles;0,26962;33,07572;0,008151599;5426,131507;44,23164717
21004B2NJ;CITE DE LA CHAUSSEE;Bruxelles;0,07784;33,07572;0,002353388;5426,131507;12,76979236
21004B13-;TREVES (RUE DE);Bruxelles;0,09896;33,07572;0,002991923;5426,131507;16,23456644
21004F953;RUE DU WIMPELBERG;Bruxelles;0,29942;33,07572;0,009052562;5426,131507;49,1203909
21004F9MJ;NEDER-HEEMBEEK-NORD;Bruxelles;1,14291;33,07572;0,03455435;5426,131507;187,4964464
21004A02-;SAINT-FRANCOIS XAVIER;Bruxelles;0,1365;33,07572;0,004126894;5426,131507;22,39307113
21004A70-;BLAES (RUE)-SUD;Bruxelles;0,16835;33,07572;0,005089836;5426,131507;27,61812106
21004A1MJ;COLONIES (RUE DES);Bruxelles;0,06865;33,07572;0,002075541;5426,131507;11,26215629
21004A03-;BON SECOURS - PALAIS DU MIDI;Bruxelles;0,10523;33,07572;0,003181488;5426,131507;17,26317125
21004A19-;PALAIS ROYAL;Bruxelles;0,29709;33,07572;0,008982117;5426,131507;48,7381502
21004A23-;NOUVEAU MARCHE AU GRAIN;Bruxelles;0,20516;33,07572;0,006202737;5426,131507;33,65686794
21004A10-;GARE CENTRALE;Bruxelles;0,19371;33,07572;0,005856562;5426,131507;31,77847479
21004A01-;VIEILLE HALLE AUX BLES;Bruxelles;0,09002;33,07572;0,002721634;5426,131507;14,76794332
21004A22-;SENNE (RUE DE LA);Bruxelles;0,20056;33,07572;0,006063662;5426,131507;32,90222964
21004B10-;ORBAN (SQUARE);Bruxelles;0,32711;33,07572;0,009889732;5426,131507;53,66298533
21004A72-;SAINT-THOMAS (INSTITUT);Bruxelles;0,08591;33,07572;0,002597374;5426,131507;14,09369041
21004A71-;BLAES (RUE)-CENTRE;Bruxelles;0,07879;33,07572;0,00238211;5426,131507;12,92564157
21004A002;BOURSE;Bruxelles;0,03952;33,07572;0,001194834;5426,131507;6,483327261
21004A34-;MONNAIE;Bruxelles;0,14935;33,07572;0,004515397;5426,131507;24,5011368
21004A15-;JACOBS (PLACE);Bruxelles;0,07482;33,07572;0,002262082;5426,131507;12,27435591
21004A04-;NOTRE-DAME DE LA CHAPELLE;Bruxelles;0,07695;33,07572;0,00232648;5426,131507;12,62378625
21004A16-;PALAIS JUSTICE-HOP. ST.-PIERRE;Bruxelles;0,15895;33,07572;0,00480564;5426,131507;26,07603411
21004A20-;BOURSE-NORD-OUEST;Bruxelles;0,13849;33,07572;0,004187059;5426,131507;22,71953422
21004A14-;GRAND SABLON;Bruxelles;0,18871;33,07572;0,005705394;5426,131507;30,95821577
21004A001;GRAND-PLACE;Bruxelles;0,10775;33,07572;0,003257677;5426,131507;17,67658179
21004A32-;CONGRES - GARE;Bruxelles;0,20736;33,07572;0,006269251;5426,131507;34,0177819
21004A30-;SAINT-MICHEL ET GUDULE;Bruxelles;0,05925;33,07572;0,001791344;5426,131507;9,720069337
21004C52-;LOUISE (AVENUE)-NORD-OUEST;Bruxelles;0,083;33,07572;0,002509394;5426,131507;13,61629966
21004A12-;REGENT (BOULEVARD DU);Bruxelles;0,0819;33,07572;0,002476137;5426,131507;13,43584268
21004C552;LOUISE (AVENUE)-SUD;Bruxelles;0,16903;33,07572;0,005110395;5426,131507;27,72967629
21004B112;RUE DU COMMERCE;Bruxelles;0,03878;33,07572;0,001172461;5426,131507;6,361928927
21004A3MJ;CITE ADMINISTRATIVE ET CONGRES;Bruxelles;0,10475;33,07572;0,003166976;5426,131507;17,18442638
21004C51-;LOUISE (AVENUE)-NORD-EST;Bruxelles;0,0883;33,07572;0,002669632;5426,131507;14,48577422
21004A33-;LIBERTE (PLACE DE LA);Bruxelles;0,1875;33,07572;0,005668811;5426,131507;30,75971309
21004C53-;LOUISE (AVENUE)-SUD-OUEST;Bruxelles;0,08521;33,07572;0,00257621;5426,131507;13,97885415
21004C501;LOUISE (AVENUE)-NORD;Bruxelles;0,08545;33,07572;0,002583466;5426,131507;14,01822658
21004A21-;ANNEESSENS (PLACE);Bruxelles;0,24293;33,07572;0,007344662;5426,131507;39,85310454
21004A13-;PETIT SABLON;Bruxelles;0,27478;33,07572;0,008307604;5426,131507;45,07815447
21004E70-;MARIE-CHRISTINE (RUE);Bruxelles;0,31439;33,07572;0,00950516;5426,131507;51,5762464
21004E74-;EM. DELVA (RUE);Bruxelles;0,49752;33,07572;0,015041849;5426,131507;81,61905311
21004E201;AVENUE JEAN DE BOLOGNE;Bruxelles;0,40003;33,07572;0,01209437;5426,131507;65,62564282
21004E83-;STIENON (AVENUE);Bruxelles;0,23682;33,07572;0,007159935;5426,131507;38,85074802
21004E8MJ;HEYSEL;Bruxelles;1,57689;33,07572;0,047675153;5426,131507;258,6916479
21004E130;SACRE-COEUR;Bruxelles;0,33226;33,07572;0,010045435;5426,131507;54,50785212
21004E73-;EM. BOCKSTAEL (BOULEVARD)-SUD;Bruxelles;0,16647;33,07572;0,005032997;5426,131507;27,30970367
21004E72-;MAISON ROUGE (PLACE)-SUD;Bruxelles;0,33859;33,07572;0,010236814;5426,131507;55,54630003
21004E193;N.D. DE LAEKEN;Bruxelles;0,0714;33,07572;0,002158683;5426,131507;11,71329875
21004D64-;MASUI (PLACE)-NORD;Bruxelles;0,23526;33,07572;0,00711277;5426,131507;38,59482721
21004E112;RUE DES CHRYSANTHEMES;Bruxelles;0,02104;33,07572;0,000636116;5426,131507;3,451649939
21004D62-;ANVERS (CHAUSSEE D')-NORD;Bruxelles;0,17321;33,07572;0,005236772;5426,131507;28,41541283
21004E211;RUE DE WAND;Bruxelles;0,08182;33,07572;0,002473718;5426,131507;13,42271853
21004D631;ALLEE VERTE - BASSIN VERGOTE;Bruxelles;0,47861;33,07572;0,014470131;5426,131507;78,51683351
21004E12-;PRINCE LEOPOLD (SQUARE);Bruxelles;0,24623;33,07572;0,007444434;5426,131507;40,39447549
21004D6NJ;TOUR ET TAXIS;Bruxelles;0,51636;33,07572;0,015611452;5426,131507;84,70978908
21004A822;RUE DES COMMERCANTS;Bruxelles;0,03491;33,07572;0,001055457;5426,131507;5,727048448
21004E800;DIVIN JESUS;Bruxelles;0,14097;33,07572;0,004262039;5426,131507;23,12638269
21004E233;DE MEYSSE (AVENUE);Bruxelles;0,3044;33,07572;0,009203125;5426,131507;49,93736888
21004E101;PARVIS NOTRE DAME;Bruxelles;0,13745;33,07572;0,004155616;5426,131507;22,54892034
21004A811;QUAI DU COMMERCE;Bruxelles;0,12084;33,07572;0,003653435;5426,131507;19,82401989
21004D672;QUAI DE WILLEBROECK;Bruxelles;0,088;33,07572;0,002660562;5426,131507;14,43655868
21004E14-;ECOLE DES CADETS;Bruxelles;0,40231;33,07572;0,012163303;5426,131507;65,99968093
21004F522;AVENUE DE VERSAILLES;Bruxelles;0,31183;33,07572;0,009427762;5426,131507;51,15627378
21004E82-;CITE MODELE;Bruxelles;0,25301;33,07572;0,007649418;5426,131507;41,50674672
21004E222;MUTSAARD (AVENUE);Bruxelles;0,10652;33,07572;0,003220489;5426,131507;17,47479807
21004E81-;DISQUE (RUE DU);Bruxelles;0,10798;33,07572;0,00326463;5426,131507;17,71431371
21004D600;PARVIS SAINT-ROCH;Bruxelles;0,05328;33,07572;0,001610849;5426,131507;8,740680072
21004D610;ANVERS (CHAUSSEE D')-SUD;Bruxelles;0,24824;33,07572;0,007505203;5426,131507;40,72421962
21004E8NJ;HOPITAL BRUGMANN;Bruxelles;0,20501;33,07572;0,006198202;5426,131507;33,63226017
21005A10-;GENERAL HENRI (RUE);Etterbeek;0,20171;3,17535;0,063523706;352,060274;22,36417336
21005A042;PH. BAUCQ (RUE);Etterbeek;0,16131;3,17535;0,050800699;352,060274;17,88490806
21005A02-;CHAMP DU ROI (RUE);Etterbeek;0,13029;3,17535;0,041031697;352,060274;14,44563059
21005A33-;CARDINAL LAVIGERIE (RUE);Etterbeek;0,07254;3,17535;0,022844726;352,060274;8,042720416
21005A14-;ARMEE (AVENUE DE L');Etterbeek;0,23637;3,17535;0,074439038;352,060274;26,20702819
21005A13-;LA CHASSE;Etterbeek;0,06835;3,17535;0,021525186;352,060274;7,578162951
21005A082;COURS ST-MICHEL;Etterbeek;0,07607;3,17535;0,023956414;352,060274;8,434101766
21005A01-;SAINTE-GERTRUDE;Etterbeek;0,19692;3,17535;0,062015211;352,060274;21,83309215
21005A322;NOUVELLE AVENUE-SUD;Etterbeek;0,01204;3,17535;0,003791708;352,060274;1,334909758
21005A311;CASERNE (Etterbeek);Etterbeek;0,27627;3,17535;0,087004582;352,060274;30,63085704
21005A20-;PORTE DE TERVUEREN - TONGRES;Etterbeek;0,13596;3,17535;0,042817327;352,060274;15,07427995
21005A15-;SAINT-MICHEL COLLEGE;Etterbeek;0,29684;3,17535;0,093482608;352,060274;32,91151266
21005A031;MAELBEEK;Etterbeek;0,09182;3,17535;0,028916497;352,060274;10,18034999
21005A051;RINSDELLE;Etterbeek;0,22102;3,17535;0,069604925;352,060274;24,50512912
21005A11-;NOTRE-DAME DU SACRE-COEUR;Etterbeek;0,18665;3,17535;0,058780922;352,060274;20,69442743
21005A00-;HOTEL COMMUNAL;Etterbeek;0,26853;3,17535;0,084567056;352,060274;29,77270076
21005A29-;CINQUANTENAIRE (PARC);Etterbeek;0,05753;3,17535;0,018117688;352,060274;6,378518136
21005A12-;SAINT-ANTOINE;Etterbeek;0,34158;3,17535;0,107572394;352,060274;37,87196636
21005A22-;PORTE DE TERVUEREN - L. DE LAN;Etterbeek;0,0871;3,17535;0,027430047;352,060274;9,657029891
21005A21-;PORTE DE TERVUEREN - BRAFFORT;Etterbeek;0,05646;3,17535;0,017780717;352,060274;6,259884129
21006A12-;GERMINAL I;Evere;0,05611;5,1286;0,010940608;243,0958904;2,65961674
21006A11-;OASIS - PROVENCE - LANGUEDOC;Evere;0,19047;5,1286;0,03713879;243,0958904;9,0282873
21006A153;KEET;Evere;0,09584;5,1286;0,018687361;243,0958904;4,54282068
21006A13-;MAISON COMMUNALE;Evere;0,09687;5,1286;0,018888196;243,0958904;4,59164273
21006A02-;IEDER ZIJN HUIS - STROOBANTS;Evere;0,03465;5,1286;0,00675623;243,0958904;1,642411692
21006A073;GARE DE FORMATION;Evere;0,21776;5,1286;0,042459931;243,0958904;10,32183463
21006A03-;BLOCS SAINT-VINCENT;Evere;0,01839;5,1286;0,003585774;243,0958904;0,871686898
21006A094;BON PASTEUR;Evere;0,30971;5,1286;0,0603888;243,0958904;14,68026912
21006A515;CARLI;Evere;0,13021;5,1286;0,025388995;243,0958904;6,171960358
21006A24-;IEDER ZIJN HUIS - ZAVENTEM;Evere;0,06213;5,1286;0,012114417;243,0958904;2,944965034
21006A403;QUARTIER CICERO;Evere;0,09427;5,1286;0,018381235;243,0958904;4,468402603
21006A474;COMMUNAUTES;Evere;0,16365;5,1286;0,031909293;243,0958904;7,75701799
21006A201;HAUT-EVERE;Evere;0,20832;5,1286;0,040619272;243,0958904;9,874378172
21006A272;QUARTIER GROSJEAN;Evere;0,17591;5,1286;0,034299809;243,0958904;8,338142589
21006A21-;HOME FAMILIAL BRABANT;Evere;0,12303;5,1286;0,023989003;243,0958904;5,831628007
21006A23-;DU BONHEUR;Evere;0,19657;5,1286;0,038328199;243,0958904;9,317427598
21006A37-;ZONE INDUSTRIELLE;Evere;0,33561;5,1286;0,065438911;243,0958904;15,90793039
21006A312;J. BORDET (AVENUE DE);Evere;0,10249;5,1286;0,019984011;243,0958904;4,858031004
21006A101;CONSCIENCE;Evere;0,24039;5,1286;0,046872441;243,0958904;11,39449774
21006A001;VIEIL EVERE;Evere;0,19536;5,1286;0,038092267;243,0958904;9,260073539
21006A414;P. DUPONT (RUE);Evere;0,24636;5,1286;0,048036501;243,0958904;11,67747603
21006A171;ANCIEN COMBATTANTS (AVENUE);Evere;0,45502;5,1286;0,088722068;243,0958904;21,56797022
21006A25-;GIBET;Evere;0,13175;5,1286;0,025689272;243,0958904;6,244956433
21006A48-;CIMETIERE BRUXELLES;Evere;0,49063;5,1286;0,095665484;243,0958904;23,25588596
21006A22-;SAINT-EXUPERY;Evere;0,09644;5,1286;0,018804352;243,0958904;4,571260709
21006A011;CENTRE;Evere;0,18526;5,1286;0,036122919;243,0958904;8,781333046
21006A142;ED. DEKNOOP (RUE);Evere;0,05871;5,1286;0,011447569;243,0958904;2,782856867
21006A042;KERKHOEK;Evere;0,15214;5,1286;0,029665016;243,0958904;7,211443428
21006A052;CHAMP DE REPOS;Evere;0,17801;5,1286;0,034709277;243,0958904;8,437682692
21006A323;GERMINAL II;Evere;0,08648;5,1286;0,016862302;243,0958904;4,099156223
21007A03-;FOYER FORESTOIS - FAMILLE;Forest;0,067;6,30401;0,010628156;0;0
21007A252;MESSIDOR II;Forest;0,01388;6,30401;0,002201773;0;0
21007A201;ROOSENDAEL (RUE);Forest;0,21682;6,30401;0,034393981;0;0
21007A21-;MAGNANERIE;Forest;0,02295;6,30401;0,00364054;0;0
21007A291;FOREST NATIONAL - STADE;Forest;0,10381;6,30401;0,016467296;0;0
21007A242;GLOBE;Forest;0,02735;6,30401;0,004338508;0;0
21007A75-;TOURNOI (RUE DU);Forest;0,05345;6,30401;0,00847873;0;0
21007A814;VILLAS - MONT KEMMEL;Forest;0,01124;6,30401;0,001782992;0;0
21007A111;MESSIDOR I;Forest;0,09688;6,30401;0,015367996;0;0
21007A41-;PONT DE LUTTRE-OUEST;Forest;0,05055;6,30401;0,008018706;0;0
21007A142;MONTE CARLO;Forest;0,10538;6,30401;0,016716344;0;0
21007A53-;WIELEMANS CEUPPENS;Forest;0,15073;6,30401;0,023910178;0;0
21007A50-;BERANGER;Forest;0,14494;6,30401;0,022991715;0;0
21007A51-;CHATAIGNE;Forest;0,07366;6,30401;0,011684626;0;0
21007A552;REINE MARIE-HENRIETTE;Forest;0,06218;6,30401;0,009863563;0;0
21007A541;LYCEE;Forest;0,04293;6,30401;0,006809951;0;0
21007A61-;MONTENEGRO (RUE);Forest;0,17225;6,30401;0,027323878;0;0
21007A06-;KATANGA;Forest;0,02832;6,30401;0,004492379;0;0
21007A04-;FOYER FORESTOIS - MADELON;Forest;0,03663;6,30401;0,005810587;0;0
21007A00-;CENTRE SAINT-DENIS;Forest;0,29429;6,30401;0,046682984;0;0
21007A101;BOURGOGNE;Forest;0,16534;6,30401;0,02622775;0;0
21007A783;PARC DE FOREST;Forest;0,18084;6,30401;0,028686503;0;0
21007A373;CHARROI (RUE DE);Forest;0,25237;6,30401;0,040033249;0;0
21007A071;BOLLINCKX;Forest;1,25228;6,30401;0,198648162;0;0
21007A70-;ALTITUDE  CENT;Forest;0,21098;6,30401;0,033467587;0;0
21007A239;NEPTUNE (AVENUE) I;Forest;0,13862;6,30401;0,021989178;0;0
21007A05-;NEERSTALLE;Forest;0,13205;6,30401;0,020946985;0;0
21007A082;BEMPT;Forest;0,66815;6,30401;0,105988093;0;0
21007A01-;CURE D'ARS;Forest;0,14394;6,30401;0,022833086;0;0
21007A132;DENAYER (RUE);Forest;0,02049;6,30401;0,003250312;0;0
21007A52-;VAN VOLXEM - PETITE INDUSTRIE;Forest;0,09659;6,30401;0,015321993;0;0
21007A40-;PONT DE LUTTRE;Forest;0,09417;6,30401;0,014938111;0;0
21007A02-;STUART MERRIL;Forest;0,10678;6,30401;0,016938425;0;0
21007A12-;HAVESKERCKE;Forest;0,05441;6,30401;0,008631014;0;0
21007A60-;SAINT-ANTOINE;Forest;0,1445;6,30401;0,022921918;0;0
21007A73-;BERCKENDAEL (RUE);Forest;0,25157;6,30401;0,039906345;0;0
21007A72-;MOLIERE;Forest;0,25318;6,30401;0,040161738;0;0
21007A71-;CHAUSSEE D'ALSEMBERG;Forest;0,05683;6,30401;0,009014897;0;0
21007A79-;PARC DUDEN;Forest;0,30569;6,30401;0,048491357;0;0
21008A31-;TOUSSAINT;Ganshoren;0,03244;2,43371;0,013329444;0;0
21008A30-;LE HOME;Ganshoren;0,11982;2,43371;0,049233475;0;0
21008A00-;CENTRE;Ganshoren;0,09455;2,43371;0,038850151;0;0
21008A38-;PARC DE RIVIEREN;Ganshoren;0,0654;2,43371;0,026872553;0;0
21008A27-;NESTOR MARTIN;Ganshoren;0,09325;2,43371;0,038315987;0;0
21008A220;VILLAS DE GANSHOREN (OUEST);Ganshoren;0,19704;2,43371;0,08096281;0;0
21008A02-;SIPPELBERG;Ganshoren;0,17956;2,43371;0,07378036;0;0
21008A34-;PARC ALBERT;Ganshoren;0,13251;2,43371;0,054447736;0;0
21008A35-;CHARTE;Ganshoren;0,04204;2,43371;0,017274038;0;0
21008A240;REFORME;Ganshoren;0,10824;2,43371;0,044475307;0;0
21008A23-;DE MESMAEKER;Ganshoren;0,15997;2,43371;0,065730921;0;0
21008A20-;CHARLES-QUINT;Ganshoren;0,18002;2,43371;0,073969372;0;0
21008A29-;RIVIERE MOLENBEEK;Ganshoren;0,39033;2,43371;0,160384762;0;0
21008A01-;VAN PAGE-SUD;Ganshoren;0,04841;2,43371;0,019891441;0;0
21008A33-;VAN PAGE-NORD;Ganshoren;0,09788;2,43371;0,040218432;0;0
21008A32-;HEIDEKEN;Ganshoren;0,08349;2,43371;0,034305649;0;0
21008A10-;PLATEAU;Ganshoren;0,21268;2,43371;0,087389212;0;0
21008A19-;BASILIQUE;Ganshoren;0,04428;2,43371;0,018194444;0;0
21008A21-;MAIL;Ganshoren;0,1518;2,43371;0,062373907;0;0
21009A20-;PETITE SUISSE (PLACE DE LA);Ixelles;0,19691;6,40654;0,030735779;792,4520548;24,35663152
21009A23-;ETOILE (ROND POINT DE L');Ixelles;0,14734;6,40654;0,022998374;792,4520548;18,22510837
21009A623;KLAUWAERTS;Ixelles;0,02563;6,40654;0,004000599;792,4520548;3,170283205
21009A90-;SAINT-PHILIPPE DE NERI;Ixelles;0,13788;6,40654;0,021521757;792,4520548;17,05496092
21009A652;HOPITAUX;Ixelles;0,1346;6,40654;0,021009781;792,4520548;16,64924383
21009A501;LUXEMBOURG (PLACE DE);Ixelles;0,05924;6,40654;0,009246801;792,4520548;7,327646394
21009A552;PORTE DE NAMUR;Ixelles;0,09896;6,40654;0,015446715;792,4520548;12,24078135
21009A542;EGLISE ANGLICANE;Ixelles;0,05805;6,40654;0,009061053;792,4520548;7,180450256
21009A051;SAINT-BONIFACE;Ixelles;0,06877;6,40654;0,010734343;792,4520548;8,506452439
21009A041;ARBRE BENIT;Ixelles;0,14153;6,40654;0,022091488;792,4520548;17,50644487
21009A00-;CENTRE;Ixelles;0,13283;6,40654;0,0207335;792,4520548;16,43030504
21009A02-;MUSEE;Ixelles;0,12195;6,40654;0,019035236;792,4520548;15,08451178
21009A101;FLAGEY (PLACE);Ixelles;0,07302;6,40654;0,011397728;792,4520548;9,032152931
21009A03-;ERMITAGE;Ixelles;0,14355;6,40654;0,022406791;792,4520548;17,75630722
21009A13-;GACHARD;Ixelles;0,08069;6,40654;0,012594942;792,4520548;9,980887702
21009A121;GENERAL DE GAULLE;Ixelles;0,09199;6,40654;0,014358765;792,4520548;11,37863254
21009A63-;MACAU;Ixelles;0,15681;6,40654;0,024476551;792,4520548;19,39649276
21009A602;BELVEDERE;Ixelles;0,04199;6,40654;0,00655424;792,4520548;5,193920865
21009A42-;RENIER CHALON;Ixelles;0,19108;6,40654;0,029825772;792,4520548;23,63549414
21009A40-;MELEZES;Ixelles;0,14019;6,40654;0,021882326;792,4520548;17,3406946
21009A301;BOONDAEL-NORD;Ixelles;0,07804;6,40654;0,012181302;792,4520548;9,653097984
21009A812;SCHOOLGAT;Ixelles;0,10321;6,40654;0,0161101;792,4520548;12,76648184
21009A33-;SAINT-ADRIEN;Ixelles;0,24002;6,40654;0,037464841;792,4520548;29,68908993
21009A34-;STADE COMMUNAL;Ixelles;0,08769;6,40654;0,013687576;792,4520548;10,84674734
21009A21-;ETE;Ixelles;0,22991;6,40654;0,035886766;792,4520548;28,43854123
21009A43-;FERNAND NEURAY;Ixelles;0,12529;6,40654;0,019556578;792,4520548;15,49765052
21009A41-;SAINT-GEORGES;Ixelles;0,12986;6,40654;0,020269912;792,4520548;16,06293316
21009A83-;L. ERNOTTE (RUE);Ixelles;0,09863;6,40654;0,015395206;792,4520548;12,19996225
21009A52-;GRAY (RUE);Ixelles;0,18423;6,40654;0,028756552;792,4520548;22,78818864
21009A2MJ;CAMPUS UNIVERSITAIRE;Ixelles;0,58761;6,40654;0,091720336;792,4520548;72,68396856
21009A44-;PREVOT;Ixelles;0,13151;6,40654;0,020527461;792,4520548;16,26702865
21009A712;CHATELAIN (PLACE DU)-OUEST;Ixelles;0,05368;6,40654;0,008378938;792,4520548;6,639906455
21009A72-;DEFACQZ;Ixelles;0,10048;6,40654;0,015683973;792,4520548;12,42879658
21009A911;A. DELPORTE-SUD;Ixelles;0,07888;6,40654;0,012312418;792,4520548;9,75700114
21009A311;TREILLE (RUE DE LA);Ixelles;0,02387;6,40654;0,00372588;792,4520548;2,952581354
21009A802;BOONDAEL-SUD;Ixelles;0,07751;6,40654;0,012098574;792,4520548;9,58754004
21009A82-;FORET;Ixelles;0,14271;6,40654;0,022275675;792,4520548;17,65240407
21009A111;WERY (RUE);Ixelles;0,15037;6,40654;0,023471328;792,4520548;18,59990189
21009A01-;BLYCKAERTS;Ixelles;0,13077;6,40654;0,020411954;792,4520548;16,17549492
21009A22-;UNIVERSITE;Ixelles;0,23172;6,40654;0,03616929;792,4520548;28,66242779
21009A53-;LONDRES (PLACE DE);Ixelles;0,18585;6,40654;0,029009419;792,4520548;22,9885733
21009A512;WIERTZ;Ixelles;0,02697;6,40654;0,004209761;792,4520548;3,336033478
21009A593;QUARTIER LEOPOLD;Ixelles;0,05721;6,40654;0,008929937;792,4520548;7,076547099
21009A612;LIEGEOIS (RUE);Ixelles;0,13464;6,40654;0,021016024;792,4520548;16,6541916
21009A151;A. DELPORTE-NORD;Ixelles;0,08136;6,40654;0,012699523;792,4520548;10,06376284
21009A922;CASERNE (Ixelles);Ixelles;0,08591;6,40654;0,013409734;792,4520548;10,6265716
21009A29-;CIMETIERE;Ixelles;0,11472;6,40654;0,017906702;792,4520548;14,19020247
21009A73-;BERCKENDAEL;Ixelles;0,23303;6,40654;0,036373768;792,4520548;28,82446724
21009A451;CHATELAIN (PLACE DU)-EST;Ixelles;0,15767;6,40654;0,024610788;792,4520548;19,5028698
21009A192;ETANGS;Ixelles;0,10022;6,40654;0,015643389;792,4520548;12,39663608
21010A393;SACRE-COEUR;Jette;0,16442;5,18903;0,031686076;0;0
21010A04-;NOTRE-DAME DE LOURDES;Jette;0,28429;5,18903;0,054786733;0;0
21010A092;PARC DE LA JEUNESSE;Jette;0,10867;5,18903;0,020942257;0;0
21010A03-;MIROIR;Jette;0,22275;5,18903;0,042927098;0;0
21010A182;DIELEGEM (BOIS DE);Jette;0,20112;5,18903;0,038758689;0;0
21010A10-;ANCIENNE BARRIERE;Jette;0,20148;5,18903;0,038828066;0;0
21010A121;F. MOHRFELD (RUE DE);Jette;0,08688;5,18903;0,016743014;0;0
21010A111;HEYMBOSCH;Jette;0,23203;5,18903;0,044715486;0;0
21010A312;BAECK DUPRE;Jette;0,17324;5,18903;0,033385816;0;0
21010A4MJ;VUB;Jette;0,37344;5,18903;0,071967208;0;0
21010A1AJ;ARBRE BALLON;Jette;0,47989;5,18903;0,092481639;0;0
21010A05-;ALBERT (QUARTIER);Jette;0,29067;5,18903;0,05601625;0;0
21010A493;LAERBEEK (BOIS DE);Jette;0,76243;5,18903;0,146931122;0;0
21010A13-;CITE-JARDIN;Jette;0,27333;5,18903;0,052674585;0;0
21010A00-;CENTRE;Jette;0,4121;5,18903;0,07941754;0;0
21010A141;BRUGMANN;Jette;0,22378;5,18903;0,043125594;0;0
21010A01-;ESSEGHEM;Jette;0,25321;5,18903;0,048797174;0;0
21010A21-;MADELEINE;Jette;0,21244;5,18903;0,040940214;0;0
21010A02-;LEOPOLD I;Jette;0,23284;5,18903;0,044871585;0;0
21011A11-;LEPREUX;Koekelberg;0,07088;1,1877;0,05967837;0;0
21011A30-;ARCHERS - FOUREZ;Koekelberg;0,14806;1,1877;0,12466111;0;0
21011A20-;PLATEAU;Koekelberg;0,22966;1,1877;0,193365328;0;0
21011A10-;PAIX (AVENUE DE LA);Koekelberg;0,10205;1,1877;0,085922371;0;0
21011A01-;SAINTE-ANNE;Koekelberg;0,14434;1,1877;0,121529006;0;0
21011A02-;JACQUET (RUE DE);Koekelberg;0,08673;1,1877;0,073023491;0;0
21011A00-;VANHUFFEL;Koekelberg;0,1191;1,1877;0,100277848;0;0
21011A12-;BASILIQUE;Koekelberg;0,09832;1,1877;0,082781847;0;0
21011A29-;PARC ELISABETH;Koekelberg;0,18856;1,1877;0,15876063;0;0
21012A552;PFEIFFER;Molenbeek Saint-Jean;0,04239;6,00561;0,0070584;271,1753425;1,914064145
21012A833;ELBERS;Molenbeek Saint-Jean;0,1122;6,00561;0,018682532;271,1753425;5,066241968
21012A84-;METTEWIE-BUILDINGS;Molenbeek Saint-Jean;0,0709;6,00561;0,011805628;271,1753425;3,201395326
21012A24-;OSSEGHEM;Molenbeek Saint-Jean;0,13902;6,00561;0,023148356;271,1753425;6,277263444
21012A26-;MACHTENS-NORD;Molenbeek Saint-Jean;0,15192;6,00561;0,025296348;271,1753425;6,859745809
21012A29-;MARIE-JOSE (PARC);Molenbeek Saint-Jean;0,07855;6,00561;0,013079437;271,1753425;3,546820914
21012A25-;BEEKKANT;Molenbeek Saint-Jean;0,03186;6,00561;0,00530504;271,1753425;1,438595981
21012A172;GARE OUEST;Molenbeek Saint-Jean;0,11401;6,00561;0,018983917;271,1753425;5,147970114
21012A041;QUATRE VENTS;Molenbeek Saint-Jean;0,0722;6,00561;0,012022093;271,1753425;3,260095099
21012A10-;DUCHESSE DE BRABANT;Molenbeek Saint-Jean;0,12311;6,00561;0,020499167;271,1753425;5,558868526
21012A00-;CENTRE;Molenbeek Saint-Jean;0,09587;6,00561;0,015963408;271,1753425;4,328882509
21012A05-;SAINT-JOSEPH;Molenbeek Saint-Jean;0,03612;6,00561;0,006014377;271,1753425;1,630950623
21012A59-;KARREVELD;Molenbeek Saint-Jean;0,18596;6,00561;0,030964382;271,1753425;8,396776795
21012A851;CONDOR;Molenbeek Saint-Jean;0,12391;6,00561;0,020632375;271,1753425;5,594991464
21012A882;DARING;Molenbeek Saint-Jean;0,09401;6,00561;0,015653697;271,1753425;4,244896679
21012A22-;BRASILIA;Molenbeek Saint-Jean;0,04135;6,00561;0,006885229;271,1753425;1,867104326
21012A13-;BIRMINGHAM-NORD;Molenbeek Saint-Jean;0,12399;6,00561;0,020645696;271,1753425;5,598603758
21012A12-;BIRMINGHAM-SUD;Molenbeek Saint-Jean;0,12459;6,00561;0,020745603;271,1753425;5,625695961
21012A672;ULENS;Molenbeek Saint-Jean;0,15926;6,00561;0,026518538;271,1753425;7,191173759
21012A60-;LAEKENVELD;Molenbeek Saint-Jean;0,18798;6,00561;0,031300734;271,1753425;8,487987211
21012A63-;DUBRUCQ-NORD;Molenbeek Saint-Jean;0,13764;6,00561;0,022918571;271,1753425;6,214951377
21012A62-;LIBERATEURS;Molenbeek Saint-Jean;0,18877;6,00561;0,031432277;271,1753425;8,523658612
21012A511;STEYNS;Molenbeek Saint-Jean;0,1577;6,00561;0,026258781;271,1753425;7,120734031
21012A20-;BAECK;Molenbeek Saint-Jean;0,11724;6,00561;0,019521747;271,1753425;5,293816473
21012A72-;LAVALLEE;Molenbeek Saint-Jean;0,1071;6,00561;0,017833326;271,1753425;4,835958242
21012A611;MEXICO;Molenbeek Saint-Jean;0,06915;6,00561;0,011514234;271,1753425;3,1223764
21012A53-;SIPPELBERG;Molenbeek Saint-Jean;0,03851;6,00561;0,006412338;271,1753425;1,738867898
21012A54-;DELHAIZE;Molenbeek Saint-Jean;0,26071;6,00561;0,043411077;271,1753425;11,77201376
21012A50-;BENES;Molenbeek Saint-Jean;0,17861;6,00561;0,029740526;271,1753425;8,064897307
21012A71-;PIERS;Molenbeek Saint-Jean;0,14237;6,00561;0,023706168;271,1753425;6,428528244
21012A21-;MARIE-JOSE BLOCS;Molenbeek Saint-Jean;0,04394;6,00561;0,007316492;271,1753425;1,984052336
21012A2MJ;CHEMIN DE FER;Molenbeek Saint-Jean;0,11866;6,00561;0,019758193;271,1753425;5,357934687
21012A152;ETANGS NOIRS;Molenbeek Saint-Jean;0,18591;6,00561;0,030956056;271,1753425;8,394519111
21012A52-;NEEP (QUARTIER DU);Molenbeek Saint-Jean;0,21311;6,00561;0,035485155;271,1753425;9,622698982
21012A39-;DE RAEDT;Molenbeek Saint-Jean;0,45652;6,00561;0,076015592;271,1753425;20,61355422
21012A30-;METTEWIE - IDYLLE;Molenbeek Saint-Jean;0,21499;6,00561;0,035798195;271,1753425;9,707587885
21012A23-;MACHTENS-SUD;Molenbeek Saint-Jean;0,17171;6,00561;0,0285916;271,1753425;7,753336972
21012A41-;MOORTEBEEK;Molenbeek Saint-Jean;0,24337;6,00561;0,040523777;271,1753425;10,98904909
21012A822;KORENBEEK;Molenbeek Saint-Jean;0,24464;6,00561;0,040735246;271,1753425;11,04639425
21012A811;MYRTES-NORD;Molenbeek Saint-Jean;0,05788;6,00561;0,009637655;271,1753425;2,61349452
21012A141;INDEPENDANCE;Molenbeek Saint-Jean;0,09845;6,00561;0,016393006;271,1753425;4,445378982
21012A03-;RANSFORT;Molenbeek Saint-Jean;0,07885;6,00561;0,013129391;271,1753425;3,560367016
21012A11-;INDUSTRIE;Molenbeek Saint-Jean;0,1839;6,00561;0,030621369;271,1753425;8,303760231
21012A02-;BRUNFAUT (QUARTIER);Molenbeek Saint-Jean;0,05523;6,00561;0,009196401;271,1753425;2,49383729
21012A011;CANAL-SUD;Molenbeek Saint-Jean;0,05557;6,00561;0,009253015;271,1753425;2,509189538
21012A732;CANAL-NORD;Molenbeek Saint-Jean;0,07591;6,00561;0,012639848;271,1753425;3,427615221
21013A242;BETHLEEM (PLACE DE);Saint-Gilles;0,07445;2,52697;0,029462162;1382,249315;40,72405351
21013A102;PARVIS;Saint-Gilles;0,01172;2,52697;0,004637966;1382,249315;6,410824811
21013A101;PARVIS;Saint-Gilles;0,09463;2,52697;0,037448011;1382,249315;51,76248736
21013A13-;DETHY (RUE);Saint-Gilles;0,06989;2,52697;0,027657629;1382,249315;38,22973942
21013A121;GUILLAUME TELL-SUD;Saint-Gilles;0,02465;2,52697;0,009754766;1382,249315;13,48351805
21013A422;CRICKX (RUE);Saint-Gilles;0,06337;2,52697;0,025077464;1382,249315;34,66330787
21013A11-;PARME (RUE DE);Saint-Gilles;0,1293;2,52697;0,051168;1382,249315;70,72693243
21013A01-;ESPAGNE (RUE D');Saint-Gilles;0,15469;2,52697;0,061215606;1382,249315;84,61522952
21013A04-;PRISON;Saint-Gilles;0,15109;2,52697;0,059790975;1382,249315;82,64603419
21013A623;FRANCE (RUE DE);Saint-Gilles;0,05445;2,52697;0,021547545;1382,249315;29,78407943
21013A201;ANGLETERRE (RUE D');Saint-Gilles;0,13615;2,52697;0,053878756;1382,249315;74,47387355
21013A252;DANEMARK (RUE DE);Saint-Gilles;0,06513;2,52697;0,025773951;1382,249315;35,62602559
21013A23-;ROI (AVENUE DU);Saint-Gilles;0,08677;2,52697;0,034337566;1382,249315;47,46307755
21013A02-;CAPOUILLET (RUE);Saint-Gilles;0,1812;2,52697;0,071706431;1382,249315;99,11616517
21013A2MJ;GARE DU MIDI;Saint-Gilles;0,24223;2,52697;0,095857885;1382,249315;132,4994961
21013A612;JAMAR;Saint-Gilles;0,0334;2,52697;0,013217411;1382,249315;18,26975671
21013A22-;REGIES;Saint-Gilles;0,11363;2,52697;0,044966897;1382,249315;62,15546274
21013A211;FONTAINAS;Saint-Gilles;0,08097;2,52697;0,032042327;1382,249315;44,29048506
21013A052;FAIDER (RUE);Saint-Gilles;0,09881;2,52697;0,039102166;1382,249315;54,04894194
21013A151;METAL (RUE DU);Saint-Gilles;0,07572;2,52697;0,02996474;1382,249315;41,41874187
21013A522;RUE D'ECOSSE;Saint-Gilles;0,07833;2,52697;0,030997598;1382,249315;42,84640848
21013A40-;BARRIERE;Saint-Gilles;0,07855;2,52697;0,031084659;1382,249315;42,9667482
21013A41-;VILLAS (AVENUE DES);Saint-Gilles;0,08552;2,52697;0,033842903;1382,249315;46,77932917
21013A031;AMAZONE (RUE DE);Saint-Gilles;0,08055;2,52697;0,03187612;1382,249315;44,06074561
21013A00-;HOTEL DE VILLE;Saint-Gilles;0,15341;2,52697;0,060709071;1382,249315;83,91507118
21013A51-;TOISON D'OR (AVENUE);Saint-Gilles;0,10838;2,52697;0,04288931;1382,249315;59,28371954
21014A00-;PLACE SAINT-JOSSE;Saint-Josse-ten-Noode;0,09941;1,17719;0,084446861;962,4191781;81,27327831
21014A02-;CHARITE;Saint-Josse-ten-Noode;0,06341;1,17719;0,053865561;962,4191781;51,84124915
21014A14-;PRAIRIE;Saint-Josse-ten-Noode;0,04086;1,17719;0,034709775;962,4191781;33,4053531
21014A2MJ;NORD;Saint-Josse-ten-Noode;0,03006;1,17719;0,025535385;962,4191781;24,57574435
21014A41-;BOSSUET;Saint-Josse-ten-Noode;0,11596;1,17719;0,098505764;962,4191781;94,80383616
21014A10-;SAINT-FRANCOIS;Saint-Josse-ten-Noode;0,08821;1,17719;0,074932679;962,4191781;72,11664701
21014A13-;ROGIER;Saint-Josse-ten-Noode;0,03453;1,17719;0,029332563;962,4191781;28,23022131
21014A03-;MADOU;Saint-Josse-ten-Noode;0,08807;1,17719;0,074813751;962,4191781;72,00218912
21014A12-;SAINT-LAZARE;Saint-Josse-ten-Noode;0,0392;1,17719;0,033299637;962,4191781;32,04820953
21014A01-;STEURS;Saint-Josse-ten-Noode;0,03761;1,17719;0,031948963;962,4191781;30,74829491
21014A04-;HAECHT (CHAUSSEE DE);Saint-Josse-ten-Noode;0,15176;1,17719;0,128917167;962,4191781;124,0723541
21014A05-;HOUWAERT;Saint-Josse-ten-Noode;0,21526;1,17719;0,182859182;962,4191781;175,9871833
21014A18-;JARDIN BOTANIQUE;Saint-Josse-ten-Noode;0,07049;1,17719;0,059879883;962,4191781;57,62954821
21014A3MJ;MANHATTAN;Saint-Josse-ten-Noode;0,10235;1,17719;0,086944334;962,4191781;83,67689402
21015A50-;OPALE;Schaerbeek;0,26164;7,89801;0,033127332;96,03835616;3,181494517
21015A77-;R.T.B.;Schaerbeek;0,48703;7,89801;0,0616649;96,03835616;5,922195667
21015A73-;H. EVENEPOEL (RUE);Schaerbeek;0,1105;7,89801;0,013990866;96,03835616;1,343659777
21015A782;CIMETIERE DE SAINT-JOSSE;Schaerbeek;0,07345;7,89801;0,009299811;96,03835616;0,893138558
21015A31-;PATRIE;Schaerbeek;0,14247;7,89801;0,018038721;96,03835616;1,732409126
21015A36-;CAMBIER (AVENUE E.);Schaerbeek;0,16261;7,89801;0,020588731;96,03835616;1,97730784
21015A70-;P. HYMANS (RUE);Schaerbeek;0,08533;7,89801;0,010803987;96,03835616;1,037597184
21015A721;F. COURTENS (AVENUE);Schaerbeek;0,09072;7,89801;0,011486438;96,03835616;1,103138597
21015A822;CH. GILISQUET - SUD (AVENUE);Schaerbeek;0,02781;7,89801;0,00352114;96,03835616;0,33816451
21015A7MJ;JOSAPHAT GARE;Schaerbeek;0,23156;7,89801;0,029318778;96,03835616;2,815727222
21015A34-;PAQUERETTES (RUE);Schaerbeek;0,08268;7,89801;0,01046846;96,03835616;1,005373669
21015A63-;DESCHANEL P. (AVENUE);Schaerbeek;0,08584;7,89801;0,010868561;96,03835616;1,04379869
21015A883;THEUNIS PIERRE (RUE);Schaerbeek;0,06747;7,89801;0,008542658;96,03835616;0,820422852
21015A811;TERDELT;Schaerbeek;0,11039;7,89801;0,013976938;96,03835616;1,342322197
21015A831;LATINIS (AVENUE G.);Schaerbeek;0,32026;7,89801;0,040549455;96,03835616;3,894302988
21015A03-;JOSAPHAT (RUE);Schaerbeek;0,19485;7,89801;0,024670771;96,03835616;2,36934034
21015A021;HOUFFALIZE (PLACE);Schaerbeek;0,09218;7,89801;0,011671294;96,03835616;1,12089193
21015A30-;GRANDE RUE AU BOIS;Schaerbeek;0,17154;7,89801;0,021719395;96,03835616;2,085895006
21015A32-;CONSOLATION (RUE DE LA);Schaerbeek;0,16497;7,89801;0,02088754;96,03835616;2,006005008
21015A64-;DUPLOYE SQUARE;Schaerbeek;0,12262;7,89801;0,01552543;96,03835616;1,491036759
21015A33-;BIENFAITEURS (PLACE DE);Schaerbeek;0,10416;7,89801;0,013188132;96,03835616;1,266566537
21015A35-;JEAN STOBBAERTS (AVENUE);Schaerbeek;0,11163;7,89801;0,01413394;96,03835616;1,35740037
21015A53-;DAILLY (PLACE);Schaerbeek;0,17624;7,89801;0,022314482;96,03835616;2,143046146
21015A54-;EMERAUDE (AVENUE);Schaerbeek;0,24151;7,89801;0,030578589;96,03835616;2,936717401
21015A52-;LINTHOUT (RUE);Schaerbeek;0,26904;7,89801;0,034064277;96,03835616;3,271477162
21015A51-;CERISIERS (AVENUE DES);Schaerbeek;0,15447;7,89801;0,019558091;96,03835616;1,87832693
21015A05-;ROYALE SAINTE-MARIE (RUE);Schaerbeek;0,19306;7,89801;0,024444132;96,03835616;2,347574268
21015A12-;HUART HAMOIR (AVENUE);Schaerbeek;0,16746;7,89801;0,021202809;96,03835616;2,036282953
21015A152;PR. ELISABETH-NORD;Schaerbeek;0,10739;7,89801;0,013597096;96,03835616;1,305842746
21015A101;GARE;Schaerbeek;0,09937;7,89801;0,01258165;96,03835616;1,208321014
21015A111;MAETERLINCK;Schaerbeek;0,13205;7,89801;0,016719401;96,03835616;1,605703833
21015A142;SAINTE-FAMILLE;Schaerbeek;0,08915;7,89801;0,011287653;96,03835616;1,084047684
21015A622;BRUSILIA;Schaerbeek;0,0671;7,89801;0,008495811;96,03835616;0,81592372
21015A71-;JARDINS;Schaerbeek;0,12438;7,89801;0,015748271;96,03835616;1,512438037
21015A04-;L'OLIVIER (RUE);Schaerbeek;0,17301;7,89801;0,021905518;96,03835616;2,103769937
21015A39-;JOSAPHAT (PARC);Schaerbeek;0,38225;7,89801;0,048398267;96,03835616;4,648090043
21015A421;PALAIS (RUE DE);Schaerbeek;0,08891;7,89801;0,011257266;96,03835616;1,081129328
21015A40-;BRABANT (RUE DE);Schaerbeek;0,17288;7,89801;0,021889058;96,03835616;2,102189161
21015A43-;GARE DU NORD;Schaerbeek;0,19803;7,89801;0,025073405;96,03835616;2,408008558
21015A44-;REINE (AVENUE);Schaerbeek;0,15488;7,89801;0,019610003;96,03835616;1,883312455
21015A41-;VANDERLINDEN (RUE);Schaerbeek;0,16774;7,89801;0,021238261;96,03835616;2,039687701
21015A612;BRICHAUT (RUE DE);Schaerbeek;0,13666;7,89801;0,017303093;96,03835616;1,661760589
21015A45-;STEPHENSON (PLACE);Schaerbeek;0,04807;7,89801;0,006086343;96,03835616;0,584522403
21015A00-;COLIGNON (PLACE);Schaerbeek;0,26461;7,89801;0,033503376;96,03835616;3,217609173
21015A01-;VAN YSENDYCK (RUE);Schaerbeek;0,08772;7,89801;0,011106595;96,03835616;1,066659146
21015A24-;WAELHEM (RUE);Schaerbeek;0,13601;7,89801;0,017220794;96,03835616;1,653856708
21015A13-;PORTAELS (RUE);Schaerbeek;0,12945;7,89801;0,016390205;96,03835616;1,574088309
21015A22-;MARBOTIN A. (RUE);Schaerbeek;0,14497;7,89801;0,018355257;96,03835616;1,762808669
21015A272;HOPITAL P. BRIEN;Schaerbeek;0,07692;7,89801;0,009739162;96,03835616;0,935333123
21015A231;J. BLOCKX (RUE);Schaerbeek;0,07162;7,89801;0,009068107;96,03835616;0,870886093
21015A20-;HELMET;Schaerbeek;0,25663;7,89801;0,032492995;96,03835616;3,120573833
21015A21-;GUIDO GEZELLE (RUE);Schaerbeek;0,08468;7,89801;0,010721688;96,03835616;1,029693302
21016A901;CENTRE-OUEST;Uccle;0,23745;22,86526;0,01038475;0;0
21016A81-;BASCULE;Uccle;0,23079;22,86526;0,010093478;0;0
21016A82-;CHURCHILL;Uccle;0,42758;22,86526;0,018699984;0;0
21016A232;BEAU SEJOUR;Uccle;0,17199;22,86526;0,007521891;0;0
21016A831;LONGCHAMP;Uccle;0,61148;22,86526;0,026742753;0;0
21016A111;VERT CHASSEUR;Uccle;0,34208;22,86526;0,014960687;0;0
21016A841;ZEECRABBE;Uccle;0,25764;22,86526;0,011267749;0;0
21016A85-;BRUGMANN;Uccle;0,26331;22,86526;0,011515723;0;0
21016A042;ECHEVINAGE;Uccle;0,07795;22,86526;0,003409102;0;0
21016A03-;COGHEN;Uccle;0,32672;22,86526;0,014288926;0;0
21016A02-;ALSEMBERG-NORD;Uccle;0,19199;22,86526;0,008396581;0;0
21016A922;WOLVENBERG;Uccle;0,13203;22,86526;0,005774262;0;0
21016A912;GLOBE-OUEST;Uccle;0,15656;22,86526;0,006847068;0;0
21016A933;VOSSEGAT-OUEST;Uccle;0,45444;22,86526;0,019874692;0;0
21016A731;ROETAERT;Uccle;0,07966;22,86526;0,003483888;0;0
21016A701;MERLO;Uccle;0,27586;22,86526;0,012064591;0;0
21016A772;ZWARTEBEEK;Uccle;0,26937;22,86526;0,011780754;0;0
21016A72-;MELKRIEK;Uccle;0,13849;22,86526;0,006056787;0;0
21016A71-;KEIENBEMPT;Uccle;0,44722;22,86526;0,019558929;0;0
21016A13-;OBSERVATOIRE;Uccle;0,12769;22,86526;0,005584454;0;0
21016A383;FORET DE SOIGNES LORRAINE-W.;Uccle;0,24905;22,86526;0,010892069;0;0
21016A954;VOSSEGAT-EST;Uccle;0,01739;22,86526;0,000760542;0;0
21016A331;CHAUSSEE DE WATERLOO-OUEST;Uccle;0,05753;22,86526;0,002516044;0;0
21016A80-;VANDERKINDERE;Uccle;0,18076;22,86526;0,007905443;0;0
21016A225;PTOLEMEE;Uccle;0,09061;22,86526;0,00396278;0;0
21016A64-;MOLENSTEEN;Uccle;0,36907;22,86526;0,01614108;0;0
21016A05-;LE CHAT;Uccle;0,23428;22,86526;0,010246111;0;0
21016A39-;FORET DE SOIGNES LORRAINE-EST;Uccle;4,81414;22,86526;0,210543856;0;0
21016A692;CIMETIERE - ST.-GILLES;Uccle;0,23825;22,86526;0,010419737;0;0
21016A533;MOENSBERG;Uccle;0,20709;22,86526;0,009056971;0;0
21016A943;SEPT-BONNIERS;Uccle;0,05467;22,86526;0,002390963;0;0
21016A65-;ALSEMBERG-SUD;Uccle;0,08358;22,86526;0,003655327;0;0
21016A601;BOURDON;Uccle;0,2187;22,86526;0,009564728;0;0
21016A620;KRIEKENPUT;Uccle;0,53364;22,86526;0,023338462;0;0
21016A01-;DIEWEG;Uccle;0,80494;22,86526;0,035203623;0;0
21016A00-;GLOBE-EST;Uccle;0,39496;22,86526;0,017273366;0;0
21016A193;WOLVENDAEL;Uccle;0,15618;22,86526;0,006830449;0;0
21016A102;GROESELENBERG;Uccle;0,68624;22,86526;0,030012342;0;0
21016A12-;HAMOIR;Uccle;0,69527;22,86526;0,030407264;0;0
21016A44-;PECHERIE;Uccle;0,39029;22,86526;0,017069126;0;0
21016A214;ASTRONOMES;Uccle;0,04534;22,86526;0,001982921;0;0
21016A322;CHAUSSEE DE WATERLOO-EST;Uccle;0,17807;22,86526;0,007787797;0;0
21016A400;SAINT-JOB;Uccle;0,46535;22,86526;0,020351835;0;0
21016A429;CARLOO;Uccle;0,43154;22,86526;0,018873173;0;0
21016A410;ALPHONSE XIII;Uccle;0,18401;22,86526;0,00804758;0;0
21016A490;KAUWBERG;Uccle;1,09467;22,86526;0,047874811;0;0
21016A639;HOMBORCH;Uccle;0,73088;22,86526;0,031964649;0;0
21016A610;ENGELAND;Uccle;0,17897;22,86526;0,007827158;0;0
21016A521;VERREWINKEL;Uccle;0,45896;22,86526;0,020072372;0;0
21016A342;FOND;Uccle;2,50548;22,86526;0,109575837;0;0
21016A311;FORT JACO;Uccle;0,89498;22,86526;0,039141475;0;0
21017A512;VANDER ELST - BIEN FAIRE;Watermael-Boitsfort;0,12385;12,97693;0,00954386;0;0
21017A541;LOUTRIER - WIENER;Watermael-Boitsfort;0,15112;12,97693;0,011645281;0;0
21017A192;STADE DES TROIS TILLEULS;Watermael-Boitsfort;0,13159;12,97693;0,010140303;0;0
21017A635;PRINCES BRABANCONS;Watermael-Boitsfort;0,07992;12,97693;0,006158621;0;0
21017A11-;FLOREAL;Watermael-Boitsfort;0,25699;12,97693;0,019803605;0;0
21017A240;SOUVERAIN-OUEST;Watermael-Boitsfort;0,20384;12,97693;0,015707875;0;0
21017A230;BEGUINETTES;Watermael-Boitsfort;0,1671;12,97693;0,012876697;0;0
21017A220;LE LOGIS-SUD;Watermael-Boitsfort;0,11002;12,97693;0,008478122;0;0
21017A443;VILLE-ET-FORET - ELAN;Watermael-Boitsfort;0,03658;12,97693;0,002818849;0;0
21017A41-;AVENUE DE VISE;Watermael-Boitsfort;0,14927;12,97693;0,011502721;0;0
21017A523;MARTIN-PECHEUR;Watermael-Boitsfort;0,18744;12,97693;0,014444094;0;0
21017A613;AVENUE DE TERCOIGNE;Watermael-Boitsfort;0,04399;12,97693;0,003389862;0;0
21017A696;HERONNIERE;Watermael-Boitsfort;0,08806;12,97693;0,006785888;0;0
21017A624;PECHERIES;Watermael-Boitsfort;0,10121;12,97693;0,007799225;0;0
21017A534;RUE DES BEGONIAS;Watermael-Boitsfort;0,02878;12,97693;0,002217782;0;0
21017A501;CENTRE DE WATERMAEL;Watermael-Boitsfort;0,03645;12,97693;0,002808831;0;0
21017A421;WATERMAEL - STATION;Watermael-Boitsfort;0,05705;12,97693;0,004396263;0;0
21017A432;DRIES;Watermael-Boitsfort;0,17191;12,97693;0,013247355;0;0
21017A021;DREVE DES EQUIPAGES;Watermael-Boitsfort;0,06323;12,97693;0,004872493;0;0
21017A01-;COIN DU BALAI;Watermael-Boitsfort;0,1695;12,97693;0,013061641;0;0
21017A12-;LE LOGIS-NORD;Watermael-Boitsfort;0,3647;12,97693;0,028103719;0;0
21017A08-;SOUVERAIN-EST;Watermael-Boitsfort;0,60744;12,97693;0,046809222;0;0
21017A13-;BOULEAUX;Watermael-Boitsfort;0,21156;12,97693;0,016302777;0;0
21017A212;AVENUE DE LA TENDERIE;Watermael-Boitsfort;0,41125;12,97693;0,031690854;0;0
21017A000;CENTRE DE BOITSFORT;Watermael-Boitsfort;0,14388;12,97693;0,011087368;0;0
21017A09-;FORET DE SOIGNES;Watermael-Boitsfort;7,53441;12,97693;0,580600342;0;0
21017A451;FUTAIE;Watermael-Boitsfort;0,14944;12,97693;0,011515821;0;0
21017A472;ZONING DE BUREAUX-NORD;Watermael-Boitsfort;0,06459;12,97693;0,004977294;0;0
21017A374;ZONING DE BUREAUX-SUD;Watermael-Boitsfort;0,0644;12,97693;0,004962653;0;0
21017A041;DREVE DU DUC;Watermael-Boitsfort;0,13009;12,97693;0,010024713;0;0
21017A031;AVENUE DELLEUR;Watermael-Boitsfort;0,14916;12,97693;0,011494244;0;0
21017A312;CLOS DES CHENES;Watermael-Boitsfort;0,03156;12,97693;0,002432008;0;0
21017A323;DREVE DES TUMULI;Watermael-Boitsfort;0,0911;12,97693;0,00702015;0;0
21017A393;ETANGS DE BOITSFORT;Watermael-Boitsfort;0,36052;12,97693;0,027781609;0;0
21017A382;FORESTERIE;Watermael-Boitsfort;0,30486;12,97693;0,023492459;0;0
21018A20-;GEORGES HENRI (AVENUE);Woluwe Saint-Lambert;0,27428;7,297;0,03758805;243,4794521;9,151917789
21018A72-;ROGATIONS;Woluwe Saint-Lambert;0,2222;7,297;0,03045087;243,4794521;7,414161196
21018A21-;DE BROQUEVILLE (AVENUE)-NORD;Woluwe Saint-Lambert;0,20487;7,297;0,028075922;243,4794521;6,83591001
21018A35-;HOF TEN BERG-NORD;Woluwe Saint-Lambert;0,11404;7,297;0,01562834;243,4794521;3,80517976
21018A34-;HOF TEN BERG-SUD;Woluwe Saint-Lambert;0,14627;7,297;0,020045224;243,4794521;4,880600172
21018A32-;CLOS DES PEUPLIERS;Woluwe Saint-Lambert;0,06774;7,297;0,009283267;243,4794521;2,260284786
21018A311;PARC SCHUMAN;Woluwe Saint-Lambert;0,11319;7,297;0,015511854;243,4794521;3,776817758
21018A33-;NEERVELD;Woluwe Saint-Lambert;0,39456;7,297;0,054071536;243,4794521;13,16530802
21018A22-;DE BROQUEVILLE (AVENUE)-SUD;Woluwe Saint-Lambert;0,11976;7,297;0,016412224;243,4794521;3,996039356
21018A512;QUARTIER DES PEINTRES;Woluwe Saint-Lambert;0,11513;7,297;0,015777717;243,4794521;3,841549858
21018A031;ABELOOS;Woluwe Saint-Lambert;0,08551;7,297;0,011718514;243,4794521;2,853217479
21018A04-;BEETEPUT;Woluwe Saint-Lambert;0,10243;7,297;0,014037276;243,4794521;3,41778817
21018A02-;SLEGERS (AVENUE);Woluwe Saint-Lambert;0,11272;7,297;0,015447444;243,4794521;3,761135239
21018A37-;COMMUNAUTES;Woluwe Saint-Lambert;0,43257;7,297;0,059280526;243,4794521;14,43359005
21018A63-;CONSTELLATIONS;Woluwe Saint-Lambert;0,3541;7,297;0,048526792;243,4794521;11,81527669
21018A05-;DRIES;Woluwe Saint-Lambert;0,15961;7,297;0,021873373;243,4794521;5,32571678
21018A61-;HEYDENBERG-EST;Woluwe Saint-Lambert;0,14003;7,297;0,019190078;243,4794521;4,672389704
21018A62-;HEYDENBERG-OUEST;Woluwe Saint-Lambert;0,22171;7,297;0,030383719;243,4794521;7,397811335
21018A24-;LAMBEAU (AVENUE);Woluwe Saint-Lambert;0,16012;7,297;0,021943264;243,4794521;5,342733982
21018A09-;RASANTE;Woluwe Saint-Lambert;0,05768;7,297;0,007904618;243,4794521;1,924612141
21018A30-;SAINTE-FAMILLE;Woluwe Saint-Lambert;0,10938;7,297;0,014989722;243,4794521;3,649689251
21018A643;DEUX MAISONS;Woluwe Saint-Lambert;0,12399;7,297;0,016991914;243,4794521;4,137182028
21018A60-;ROODEBEEK PARC;Woluwe Saint-Lambert;0,13922;7,297;0,019079074;243,4794521;4,645362384
21018A19-;STRUYCKBEKEN;Woluwe Saint-Lambert;0,29742;7,297;0,040759216;243,4794521;9,924031606
21018A81-;KAPELLEVELD-SUD;Woluwe Saint-Lambert;0,159;7,297;0,021789777;243,4794521;5,305362872
21018A84-;KAPELLEVELD-NORD-EST;Woluwe Saint-Lambert;0,19327;7,297;0,026486227;243,4794521;6,44885209
21018A00-;TOMBERG;Woluwe Saint-Lambert;0,15863;7,297;0,021739071;243,4794521;5,293017059
21018A43-;ROODEBEEK;Woluwe Saint-Lambert;0,14885;7,297;0,020398794;243,4794521;4,966687192
21018A41-;EUROPE;Woluwe Saint-Lambert;0,06989;7,297;0,009577909;243,4794521;2,332023969
21018A42-;VERVLOESEM;Woluwe Saint-Lambert;0,18323;7,297;0,025110319;243,4794521;6,113846786
21018A01-;SAINT-LAMBERT;Woluwe Saint-Lambert;0,23983;7,297;0,032866932;243,4794521;8,002422501
21018A15-;LES SOURCES;Woluwe Saint-Lambert;0,09897;7,297;0,013563108;243,4794521;3,302338135
21018A14-;CHANCELLERIE;Woluwe Saint-Lambert;0,16725;7,297;0,022920378;243,4794521;5,580641134
21018A13-;GROOTVELD;Woluwe Saint-Lambert;0,06894;7,297;0,009447718;243,4794521;2,30032526
21018A12-;STOCKEL (CHAUSSEE DE);Woluwe Saint-Lambert;0,16922;7,297;0,023190352;243,4794521;5,646374247
21018A82-;MARIE LA MISERABLE;Woluwe Saint-Lambert;0,19855;7,297;0,027209812;243,4794521;6,625030178
21018A83-;KLAKKEDELLE;Woluwe Saint-Lambert;0,19674;7,297;0,026961765;243,4794521;6,564635795
21018A87-;SAINT-LUC;Woluwe Saint-Lambert;0,60061;7,297;0,082309168;243,4794521;20,04059116
21018A3MJ;GULLEDELLE;Woluwe Saint-Lambert;0,37542;7,297;0,05144854;243,4794521;12,52666245
21019A231;KELLE;Woluwe Saint-Pierre;0,09737;8,94038;0,010891036;0;0
21019A242;VENELLES;Woluwe Saint-Pierre;0,13236;8,94038;0,01480474;0;0
21019A252;MONTGOLFIER;Woluwe Saint-Pierre;0,20116;8,94038;0,022500162;0;0
21019A131;KONKEL;Woluwe Saint-Pierre;0,27534;8,94038;0,030797349;0;0
21019A12-;ESCRIME (AVENUE DE L');Woluwe Saint-Pierre;0,21386;8,94038;0,023920683;0;0
21019A45-;HELICE (AVENUE DE L');Woluwe Saint-Pierre;0,2124;8,94038;0,023757379;0;0
21019A52-;DUC (RUE);Woluwe Saint-Pierre;0,12673;8,94038;0,014175013;0;0
21019A51-;COLLEGE SAINT-MICHEL;Woluwe Saint-Pierre;0,18975;8,94038;0,02122393;0;0
21019A04-;EGGERICX (RUE);Woluwe Saint-Pierre;0,08577;8,94038;0,009593552;0;0
21019A03-;CAPITAINE PIRET (AVENUE);Woluwe Saint-Pierre;0,08561;8,94038;0,009575656;0;0
21019A02-;CLOS DU SOLEIL;Woluwe Saint-Pierre;0,11644;8,94038;0,013024055;0;0
21019A052;DON BOSCO;Woluwe Saint-Pierre;0,11862;8,94038;0,013267892;0;0
21019A001;CENTRE;Woluwe Saint-Pierre;0,15391;8,94038;0,017215152;0;0
21019A34-;EUROPE (QUARTIER DE L');Woluwe Saint-Pierre;0,13521;8,94038;0,015123518;0;0
21019A30-;EGLANTINES (AVENUE);Woluwe Saint-Pierre;0,16205;8,94038;0,018125628;0;0
21019A33-;MIMOSAS (AVENUE);Woluwe Saint-Pierre;0,14767;8,94038;0,016517195;0;0
21019A01-;BOULEVARD DE LA WOLUWE;Woluwe Saint-Pierre;0,23551;8,94038;0,026342281;0;0
21019A11-;MILLE METRES (AVENUE);Woluwe Saint-Pierre;0,3223;8,94038;0,036049922;0;0
21019A31-;BEMEL;Woluwe Saint-Pierre;0,24023;8,94038;0,026870223;0;0
21019A32-;CHANT D'OISEAU;Woluwe Saint-Pierre;0,38045;8,94038;0,04255412;0;0
21019A09-;WOLUWE (PARC DE);Woluwe Saint-Pierre;0,60697;8,94038;0,06789085;0;0
21019A35-;HORIZON (AVENUE);Woluwe Saint-Pierre;0,2649;8,94038;0,029629613;0;0
21019A28-;ETANGS MELLAERTS;Woluwe Saint-Pierre;0,34536;8,94038;0,038629231;0;0
21019A20-;SAINT-PAUL;Woluwe Saint-Pierre;0,29979;8,94038;0,033532132;0;0
21019A14-;VAL DE SEIGNEURS;Woluwe Saint-Pierre;0,2699;8,94038;0,030188873;0;0
21019A10-;STOCKEL;Woluwe Saint-Pierre;0,26392;8,94038;0,029519998;0;0
21019A21-;MANOIR;Woluwe Saint-Pierre;0,49416;8,94038;0,055272818;0;0
21019A40-;SAINTE-ALIX;Woluwe Saint-Pierre;0,30714;8,94038;0,034354244;0;0
21019A15-;KAPELLEVELD;Woluwe Saint-Pierre;0,25655;8,94038;0,028695648;0;0
21019A42-;SALOME AVENUE;Woluwe Saint-Pierre;0,28232;8,94038;0,031578076;0;0
21019A22-;PUTDAAL;Woluwe Saint-Pierre;0,45359;8,94038;0,05073498;0;0
21019A441;FAISANDERIE;Woluwe Saint-Pierre;0,16281;8,94038;0,018210635;0;0
21019A41-;CITE JOLI-BOIS;Woluwe Saint-Pierre;0,29205;8,94038;0,032666397;0;0
21019A43-;CORNICHE VERTE;Woluwe Saint-Pierre;0,39067;8,94038;0,043697248;0;0
21019A492;BOIS;Woluwe Saint-Pierre;0,61751;8,94038;0,069069771;0;0
21001C5PA;MEERVELD;Anderlecht;0,56662;17,91204;0,031633471;298,6575342;9,447574484
21001C5MA;MEYLEMEERSCH;Anderlecht;0,3802;17,91204;0,021225946;298,6575342;6,339288798
21001C6PB;ZONE RURALE;Anderlecht;2,73365;17,91204;0,152615224;298,6575342;45,57968654
21001C6MB;MEYLEMEERSCH-EST;Anderlecht;0,34073;17,91204;0,019022401;298,6575342;5,681183251
;;;;;;;
;Moyenne des territoires affichés;;;;;;
;Moyenne régionale;;;;;;
;Total RBC;;;;;;
;* ND: non disponible;;;;;;
;* VS: valeur soumise au seuil;;;;;;
