Code;Territoire;Commune;#hommes colloc dans commune;% de hommes de la commune dans secteur stat;#hommes colloc dans secteur stat
21001A041;VEEWEYDE-SUD;Anderlecht;2370;0,022269549;52,77883051
21001A472;STADE COMMUNAL - INDUSTRIE;Anderlecht;2370;0,007143696;16,93055858
21001A83-;PETERBOS;Anderlecht;2370;0,022420472;53,13651837
21001A503;VIVES;Anderlecht;2370;0,012073852;28,61502859
21001A3MJ;CERIA I;Anderlecht;2370;0,000100615;0,238458572
21001A331;WALCOURT;Anderlecht;2370;0,001609847;3,815337146
21001A332;ROUE;Anderlecht;2370;0,010614928;25,1573793
21001A43-;VAN BEETHOVEN;Anderlecht;2370;0,010950313;25,95224121
21001A401;ARBORETUM;Anderlecht;2370;0,005517079;13,07547834
21001A32-;AURORE;Anderlecht;2370;0,032347861;76,66443077
21001A53-;NELLIE MELBA;Anderlecht;2370;0,003420925;8,107591434
21001A41-;ROMAIN ROLLAND;Anderlecht;2370;0,018127547;42,96228598
21001A492;ETANGS - PARC;Anderlecht;2370;0;0
21001A37-;ZUEN - INDUSTRIE;Anderlecht;2370;0,000100615;0,238458572
21001A85-;AUBADE;Anderlecht;2370;0,005919541;14,02931263
21001B3MJ;PETITE ILE - RIVE DROITE;Anderlecht;2370;0,001090001;2,583301192
21001A51-;SCHERDEMAEL;Anderlecht;2370;0,011855852;28,09836835
21001A42-;KAT;Anderlecht;2370;0,004443848;10,53192025
21001A52-;SCHERDEMAEL-NORD;Anderlecht;2370;0,004142002;9,816544531
21001C70-;BON AIR - CENTRE;Anderlecht;2370;0,002129693;5,047373099
21001A552;TREFLE;Anderlecht;2370;0,021246625;50,3545017
21001A84-;POESIE;Anderlecht;2370;0,009122466;21,62024382
21001A34-;ROUE - CITE JARDIN;Anderlecht;2370;0,017892777;42,40588265
21001A350;CERIA - ZONE D'HABITAT;Anderlecht;2370;0,011403082;27,02530478
21001A441;DOCTEUR ROUX;Anderlecht;2370;0,019552932;46,34044908
21001C512;CHANTS D'OISEAUX;Anderlecht;2370;0,010682005;25,31635168
21001C71-;BON AIR - CITE JARDIN;Anderlecht;2370;0,011637852;27,58170811
21001A82-;MOORTEBEEK;Anderlecht;2370;0,014572468;34,53674979
21001C611;SOETKIN;Anderlecht;2370;0,004494156;10,65114953
21001C581;CIMETIERE;Anderlecht;2370;0,000419231;0,993577382
21001C522;HOPITAL U.L.B.;Anderlecht;2370;0,001626616;3,855080241
21001A451;VENIZELOS;Anderlecht;2370;0,013398622;31,75473312
21001A30-;BIZET;Anderlecht;2370;0,02377878;56,35570909
21001A80-;SILLON;Anderlecht;2370;0,022051549;52,26217027
21001A81-;BROECK;Anderlecht;2370;0,014840776;35,17263931
21001C79-;BON AIR - HABITATIONS DISP.;Anderlecht;2370;0,000872;2,066640954
21001A31-;CHAUSSEE DE MONS - SAINT-LUC;Anderlecht;2370;0,006774772;16,05621049
21001A031;RAUTER-SUD;Anderlecht;2370;0,016903392;40,06104003
21001B22-;BROGNIEZ-SUD;Anderlecht;2370;0,010480774;24,83943454
21001B321;ALBERT I- QUARTIER;Anderlecht;2370;0,017255546;40,89564503
21001B20-;CONSEIL-NORD;Anderlecht;2370;0,048530176;115,0165177
21001B23-;CONSEIL-SUD;Anderlecht;2370;0,013834622;32,78805359
21001A142;VEEWEYDE-NORD;Anderlecht;2370;0,009742928;23,09073835
21001A051;LINDE-EST;Anderlecht;2370;0,013063237;30,95987121
21001A941;CROCUS;Anderlecht;2370;0,018094008;42,88279979
21001A732;SCHEUTVELD;Anderlecht;2370;0,002398001;5,683262623
21001A982;PARC FORESTIER;Anderlecht;2370;0;0
21001A90-;SCHEUTKAPEL;Anderlecht;2370;0,016551238;39,22643503
21001A783;SCHEUT-INTERNAT;Anderlecht;2370;1,67692E-05;0,039743095
21001A132;RAUTER-NORD;Anderlecht;2370;0,009592004;22,73305049
21001B31-;ALBERT I- IMMEUBLES;Anderlecht;2370;0,006573541;15,57929334
21001B25-;REVISION-NORD;Anderlecht;2370;0,0341254;80,87719887
21001B11-;ROSEE-OUEST;Anderlecht;2370;0,008200158;19,43437359
21001A72-;OSSEGEM;Anderlecht;2370;0,02751832;65,21841933
21001A011;KLEINMOLEN;Anderlecht;2370;0,028776013;68,19915148
21001B17-;ABATTOIR;Anderlecht;2370;0,008971543;21,26255597
21001A712;SCHEUT - DE SMET;Anderlecht;2370;0,008133081;19,2754012
21001A07-;BIRMINGHAM;Anderlecht;2370;0,003052001;7,233243338
21001B21-;BROGNIEZ-NORD;Anderlecht;2370;0,032297553;76,54520148
21001A911;SCHEUT-EST;Anderlecht;2370;0,018647393;44,19432194
21001A931;AGRAFE-NORBERT GILLE;Anderlecht;2370;0,016366777;38,78926098
21001A74-;SCHEUT-OUEST;Anderlecht;2370;0,022437241;53,17626147
21001A92-;JAKOB SMITS;Anderlecht;2370;0,029815706;70,66322338
21001A00-;RESISTANCE;Anderlecht;2370;0,025053242;59,37618433
21001A08-;ASTRID (PARC);Anderlecht;2370;1,67692E-05;0,039743095
21001A95-;BUFFON;Anderlecht;2370;0,026847551;63,62869552
21001B10-;ROSEE-EST;Anderlecht;2370;0,023376318;55,4018748
21001B332;GOUJONS;Anderlecht;2370;0,008619389;20,42795097
21001B241;REVISION-SUD;Anderlecht;2370;0,017590931;41,69050693
21001B372;DEUX GARES;Anderlecht;2370;0,000553385;1,311522144
21001A10-;PORSELEIN;Anderlecht;2370;0,00923985;21,89844549
21001A120;MINIMES;Anderlecht;2370;0,028591552;67,76197743
21001A152;LINDE-OUEST;Anderlecht;2370;0,011637852;27,58170811
21001A02-;WAYEZ;Anderlecht;2370;0,009306927;22,05741787
21001A112;BIESTEBROEK;Anderlecht;2370;0,023795549;56,39545218
21002A20-;SAINT-JULIEN;Auderghem;550;0,03597433;19,78588177
21002A53-;PECHERIES;Auderghem;550;0,038134024;20,97371344
21002A511;INVALIDES (BOULEVARD DES);Auderghem;550;0,077872393;42,82981612
21002A23-;TH. BALIS (PLACE);Auderghem;550;0,041959768;23,07787239
21002A22-;CANARIS (AVENUE DES);Auderghem;550;0,026409972;14,52548439
21002A24-;AVENUE DE BROUCKERE;Auderghem;550;0,038812785;21,34703196
21002A25-;WATERMAEL (CHAUSSEE DE);Auderghem;550;0,042144885;23,17968654
21002A45-;VAL DUC;Auderghem;550;0,024003456;13,20190053
21002A441;CHANT D'OISEAUX;Auderghem;550;0,037393558;20,56645687
21002A482;VAL DUCHESSE;Auderghem;550;0,000246822;0,135752191
21002A190;FORET DE SOIGNES;Auderghem;550;0,001542639;0,848451191
21002A130;PARC DES PRINCES;Auderghem;550;0,039244724;21,5845983
21002A572;DEPOT METRO;Auderghem;550;0;0
21002A311;AMITIE (PLACE DE L');Auderghem;550;0,029988893;16,49389115
21002A372;QUARTIER INDUSTRIE;Auderghem;550;0,018881896;10,38504258
21002A492;WOLUWE PARC;Auderghem;550;0,000185117;0,101814143
21002A30-;TRIOMPHE (BOULEVARD DU);Auderghem;550;0,038936196;21,41490806
21002A21-;LEBON;Auderghem;550;0,086819696;47,75083302
21002A411;PUTDAAL;Auderghem;550;0,018511662;10,18141429
21002A00-;CENTRE - NORD;Auderghem;550;0,032086881;17,64778477
21002A39-;CHEMIN DE FER;Auderghem;550;0;0
21002A18-;ROUGE CLOITRE;Auderghem;550;0,000308528;0,169690238
21002A02-;CENTRE-SUD;Auderghem;550;0,030605948;16,83327163
21002A030;LAMMERENDRIES;Auderghem;550;0,057941503;31,86782673
21002A15-;SOUVERAIN (BLV DU)- BUILDINGS;Auderghem;550;0,003949155;2,172035049
21002A11-;SACRE-COEUR;Auderghem;550;0,028631371;15,7472541
21002A10-;TRANSVAAL;Auderghem;550;0,0734913;40,42021474
21002A14-;TEN REUKEN;Auderghem;550;0,012526225;6,88942367
21002A12-;AVENUE SCHALLER;Auderghem;550;0,044551401;24,50327039
21002A43-;SOUVERAIN (BOULEVARD DU) NORD;Auderghem;550;0,053313588;29,32247316
21002A091;TROIS COULEURS;Auderghem;550;0;0
21002A422;AVENUE IS.GERARD;Auderghem;550;0,004627916;2,545353573
21002A072;CENTRE COMMERCIAL;Auderghem;550;0,003332099;1,832654572
21002A041;VIGNETTE;Auderghem;550;0,016907318;9,299025052
21002A01-;SAINTE-ANNE;Auderghem;550;0,020671356;11,36924596
21002A52-;BEAULIEU;Auderghem;550;0,019067012;10,48685672
21003A38-;KONINCKXBOS;Berchem Sainte-Agathe;360;0,008039377;2,894175554
21003A312;POTAARDE  VLAK;Berchem Sainte-Agathe;360;0,087858901;31,62920427
21003A323;SEPT ETOILES;Berchem Sainte-Agathe;360;0,037325677;13,43724364
21003A342;HOGENBOS;Berchem Sainte-Agathe;360;0,038228056;13,76210008
21003A331;ALLEE VERTE;Berchem Sainte-Agathe;360;0,031173093;11,22231337
21003A04-;L. DE SMET;Berchem Sainte-Agathe;360;0,045775226;16,47908121
21003A0AJ;HUNDERENVELD;Berchem Sainte-Agathe;360;0,039212469;14,11648893
21003A02-;LAURE - BASILIQUE;Berchem Sainte-Agathe;360;0,12707137;45,74569319
21003A03-;HAUT-CHAMP;Berchem Sainte-Agathe;360;0,079409352;28,58736669
21003A011;MOLENBERG;Berchem Sainte-Agathe;360;0,063412633;22,82854799
21003A212;CLOS DU ZAVELENBERG;Berchem Sainte-Agathe;360;0,026086957;9,391304348
21003A00-;CENTRE;Berchem Sainte-Agathe;360;0,119606235;43,05824446
21003A283;ZAVELENBERG;Berchem Sainte-Agathe;360;0,008203445;2,953240361
21003A11-;CITE MODERNE;Berchem Sainte-Agathe;360;0,033059885;11,90155865
21003A05-;DE SELLIERS DE MORANVILLE;Berchem Sainte-Agathe;360;0,080311731;28,91222313
21003A41-;MONNET;Berchem Sainte-Agathe;360;0,027481542;9,893355209
21003A2MJ;GARE;Berchem Sainte-Agathe;360;0,019196062;6,910582445
21003A10-;HOPITAL FRANCAIS;Berchem Sainte-Agathe;360;0,127891715;46,04101723
21004B421;MARIE-LOUISE (SQUARE);Bruxelles;4314;0,020858486;89,98350724
21004B411;DEUX EGLISES (RUE DES);Bruxelles;4314;0,008666782;37,38849603
21004F511;AVENUE DES PAGODES;Bruxelles;4314;0,009453691;40,78322266
21004C62-;BOENDAAL-OUEST;Bruxelles;4314;0,003276992;14,13694377
21004C65-;VIVIER D'OIE;Bruxelles;4314;0,001918765;8,277552604
21004G310;HAREN-SUD-OUEST;Bruxelles;4314;0,00588565;25,39069507
21004D6MJ;QUAI DES USINES - MONNOYER;Bruxelles;4314;3,23387E-05;0,139509314
21004F94-;VAL MARIA;Bruxelles;4314;0,004225595;18,22921697
21004F901;PLACE PETER BENOIT;Bruxelles;4314;0,010100466;43,57340893
21004G371;GARE DE FORMATION;Bruxelles;4314;3,23387E-05;0,139509314
21004G30-;SAINTE-ELISABETH;Bruxelles;4314;0,018142032;78,26472491
21004F930;COIN DES CERISES;Bruxelles;4314;0,009690842;41,80629096
21004G321;HAREN-EST;Bruxelles;4314;0,005928769;25,57670749
21004B2WJ;RUE DE PASCAL - ST.-SACREMENT;Bruxelles;4314;0,001940324;8,370558813
21004B45-;ECOLE MILITAIRE;Bruxelles;4314;0,008408072;36,27242152
21004B49-;CINQUANTENAIRE (PARC DU);Bruxelles;4314;0,000118575;0,51153415
21004B1MJ;RUE JOSEPH II;Bruxelles;4314;0;0
21004A25-;BEGUINAGE (PLACE DU);Bruxelles;4314;0,010445412;45,06150828
21004B2MJ;SCHUMAN (ROND-POINT);Bruxelles;4314;0,003363229;14,50896861
21004B44-;AMBIORIX-SUD (SQUARE);Bruxelles;4314;0,014972835;64,59281218
21004B43-;AMBIORIX-NORD (SQUARE);Bruxelles;4314;0,02920188;125,9769101
21004B293;LEOPOLD (PARC);Bruxelles;4314;0,000689893;2,976198689
21004A24-;MARCHE AU PORCS;Bruxelles;4314;0,020287168;87,5188427
21004F970;MARLY-NORD;Bruxelles;4314;0,00102406;4,417794929
21004A35-;AD. MAX (BOULEVARD);Bruxelles;4314;0,008030786;34,64481287
21004A83-;E. JACQMAIN (BOULEVARD)-OUEST;Bruxelles;4314;0,009173422;39,57414195
21004F994;TRASSERSWEG - NEDER-HEEMBEEK;Bruxelles;4314;0,000431183;1,860124181
21004F531;RUE DES FAINES;Bruxelles;4314;0,015263884;65,848396
21004E180;DOMAINE ROYALE;Bruxelles;4314;0,000107796;0,465031045
21004E292;AVENUE DES CROIX DU FEU;Bruxelles;4314;3,23387E-05;0,139509314
21004G3MJ;DOBBELENBERG (RUE DE);Bruxelles;4314;0,002393067;10,3236892
21004F572;MARLY-SUD;Bruxelles;4314;0,000301828;1,302086927
21004F91-;CROIX DE GUERRE (AVENUE DES);Bruxelles;4314;0,014175147;61,15158244
21004F922;RUE CHATEAU BEYAERD;Bruxelles;4314;0,016503536;71,19625302
21004G3NJ;HAREN-SUD;Bruxelles;4314;0,0020589;8,882092963
21004C642;AVENUE FRANKLIN ROOSEVELT;Bruxelles;4314;0,001843308;7,952030873
21004C591;CAMBRE (BOIS DE LA);Bruxelles;4314;1,07796E-05;0,046503105
21004C61-;U.L.B.;Bruxelles;4314;0,00436573;18,83375733
21004C54-;LOUISE (AVENUE)-SUD-EST;Bruxelles;4314;0,008925492;38,50457054
21004C63-;NATIONS (SQUARE DES);Bruxelles;4314;0,006834253;29,48296826
21004B2NJ;CITE DE LA CHAUSSEE;Bruxelles;4314;0,00229605;9,905161263
21004B13-;TREVES (RUE DE);Bruxelles;4314;0,00231761;9,998167472
21004F953;RUE DU WIMPELBERG;Bruxelles;4314;0,00690971;29,80849
21004F9MJ;NEDER-HEEMBEEK-NORD;Bruxelles;4314;0,00767506;33,11021042
21004A02-;SAINT-FRANCOIS XAVIER;Bruxelles;4314;0,009248879;39,89966368
21004A70-;BLAES (RUE)-SUD;Bruxelles;4314;0,026463867;114,1651216
21004A1MJ;COLONIES (RUE DES);Bruxelles;4314;0,00024793;1,069571404
21004A03-;BON SECOURS - PALAIS DU MIDI;Bruxelles;4314;0,012601328;54,36212918
21004A19-;PALAIS ROYAL;Bruxelles;4314;0,000150914;0,651043463
21004A23-;NOUVEAU MARCHE AU GRAIN;Bruxelles;4314;0,018799586;81,10141428
21004A10-;GARE CENTRALE;Bruxelles;4314;0,000495861;2,139142808
21004A01-;VIEILLE HALLE AUX BLES;Bruxelles;4314;0,005831752;25,15817954
21004A22-;SENNE (RUE DE LA);Bruxelles;4314;0,019748189;85,19368748
21004B10-;ORBAN (SQUARE);Bruxelles;4314;0,002360728;10,18417989
21004A72-;SAINT-THOMAS (INSTITUT);Bruxelles;4314;0,009593825;41,38776302
21004A71-;BLAES (RUE)-CENTRE;Bruxelles;4314;0,010003449;43,15488099
21004A002;BOURSE;Bruxelles;4314;0,003568041;15,3925276
21004A34-;MONNAIE;Bruxelles;4314;0,00666178;28,73891859
21004A15-;JACOBS (PLACE);Bruxelles;4314;0,003190755;13,76491894
21004A04-;NOTRE-DAME DE LA CHAPELLE;Bruxelles;4314;0,006521645;28,13437823
21004A16-;PALAIS JUSTICE-HOP. ST.-PIERRE;Bruxelles;4314;0,017452139;75,28852622
21004A20-;BOURSE-NORD-OUEST;Bruxelles;4314;0,014487754;62,50017247
21004A14-;GRAND SABLON;Bruxelles;4314;0,010337616;44,59647723
21004A001;GRAND-PLACE;Bruxelles;4314;0,005659279;24,41412987
21004A32-;CONGRES - GARE;Bruxelles;4314;0,007340893;31,66861418
21004A30-;SAINT-MICHEL ET GUDULE;Bruxelles;4314;0,000150914;0,651043463
21004C52-;LOUISE (AVENUE)-NORD-OUEST;Bruxelles;4314;0,005723957;24,6931485
21004A12-;REGENT (BOULEVARD DU);Bruxelles;4314;0,000959383;4,138776302
21004C552;LOUISE (AVENUE)-SUD;Bruxelles;4314;0,009054846;39,0626078
21004B112;RUE DU COMMERCE;Bruxelles;4314;0,000237151;1,023068299
21004A3MJ;CITE ADMINISTRATIVE ET CONGRES;Bruxelles;4314;0,000883925;3,813254571
21004C51-;LOUISE (AVENUE)-NORD-EST;Bruxelles;4314;0,005443687;23,48406778
21004A33-;LIBERTE (PLACE DE LA);Bruxelles;4314;0,013226544;57,05930924
21004C53-;LOUISE (AVENUE)-SUD-OUEST;Bruxelles;4314;0,004279493;18,46173249
21004C501;LOUISE (AVENUE)-NORD;Bruxelles;4314;0,002770352;11,95129786
21004A21-;ANNEESSENS (PLACE);Bruxelles;4314;0,038504657;166,1090893
21004A13-;PETIT SABLON;Bruxelles;4314;0,005055623;21,80995602
21004E70-;MARIE-CHRISTINE (RUE);Bruxelles;4314;0,032177044;138,811767
21004E74-;EM. DELVA (RUE);Bruxelles;4314;0,046255174;199,5448215
21004E201;AVENUE JEAN DE BOLOGNE;Bruxelles;4314;0,028123922;121,3265997
21004E83-;STIENON (AVENUE);Bruxelles;4314;0,022949724;99,00510952
21004E8MJ;HEYSEL;Bruxelles;4314;0,000657554;2,836689376
21004E130;SACRE-COEUR;Bruxelles;4314;0,030064246;129,6971585
21004E73-;EM. BOCKSTAEL (BOULEVARD)-SUD;Bruxelles;4314;0,022302949;96,21492325
21004E72-;MAISON ROUGE (PLACE)-SUD;Bruxelles;4314;0,034365298;148,2518972
21004E193;N.D. DE LAEKEN;Bruxelles;4314;0;0
21004D64-;MASUI (PLACE)-NORD;Bruxelles;4314;0,005594602;24,13511125
21004E112;RUE DES CHRYSANTHEMES;Bruxelles;4314;0,002899707;12,50933512
21004D62-;ANVERS (CHAUSSEE D')-NORD;Bruxelles;4314;0,02050276;88,44890479
21004E211;RUE DE WAND;Bruxelles;4314;0,004926268;21,25191877
21004D631;ALLEE VERTE - BASSIN VERGOTE;Bruxelles;4314;0,003568041;15,3925276
21004E12-;PRINCE LEOPOLD (SQUARE);Bruxelles;4314;0,029536047;127,4185064
21004D6NJ;TOUR ET TAXIS;Bruxelles;4314;0,001767851;7,626509141
21004A822;RUE DES COMMERCANTS;Bruxelles;4314;0,00461366;19,90332873
21004E800;DIVIN JESUS;Bruxelles;4314;0,006252156;26,97180062
21004E233;DE MEYSSE (AVENUE);Bruxelles;4314;0,00334167;14,4159624
21004E101;PARVIS NOTRE DAME;Bruxelles;4314;0,011760521;50,73488703
21004A811;QUAI DU COMMERCE;Bruxelles;4314;0,015037513;64,8718308
21004D672;QUAI DE WILLEBROECK;Bruxelles;4314;0,006618662;28,55290617
21004E14-;ECOLE DES CADETS;Bruxelles;4314;0,015986116;68,964104
21004F522;AVENUE DE VERSAILLES;Bruxelles;4314;0,012224043;52,73452052
21004E82-;CITE MODELE;Bruxelles;4314;0,017991118;77,61368144
21004E222;MUTSAARD (AVENUE);Bruxelles;4314;0,01254743;54,12961366
21004E81-;DISQUE (RUE DU);Bruxelles;4314;0,006737237;29,06444032
21004D600;PARVIS SAINT-ROCH;Bruxelles;4314;0,006532425;28,18088134
21004D610;ANVERS (CHAUSSEE D')-SUD;Bruxelles;4314;0,015425578;66,54594257
21004E8NJ;HOPITAL BRUGMANN;Bruxelles;4314;2,15592E-05;0,093006209
21005A10-;GENERAL HENRI (RUE);Etterbeek;1290;0,072263778;93,22027341
21005A042;PH. BAUCQ (RUE);Etterbeek;1290;0,093070243;120,0606139
21005A02-;CHAMP DU ROI (RUE);Etterbeek;1290;0,062161465;80,18828991
21005A33-;CARDINAL LAVIGERIE (RUE);Etterbeek;1290;0,031037744;40,03868971
21005A14-;ARMEE (AVENUE DE L');Etterbeek;1290;0,066761242;86,12200155
21005A13-;LA CHASSE;Etterbeek;1290;0,030478893;39,31777147
21005A082;COURS ST-MICHEL;Etterbeek;1290;0,005373571;6,931906113
21005A01-;SAINTE-GERTRUDE;Etterbeek;1290;0,073897343;95,32757287
21005A322;NOUVELLE AVENUE-SUD;Etterbeek;1290;0,006190353;7,985555842
21005A311;CASERNE (Etterbeek);Etterbeek;1290;0,035293612;45,52875935
21005A20-;PORTE DE TERVUEREN - TONGRES;Etterbeek;1290;0,036712235;47,35878256
21005A15-;SAINT-MICHEL COLLEGE;Etterbeek;1290;0,040882125;52,73794171
21005A031;MAELBEEK;Etterbeek;1290;0,033230161;42,8669074
21005A051;RINSDELLE;Etterbeek;1290;0,085461267;110,2450348
21005A11-;NOTRE-DAME DU SACRE-COEUR;Etterbeek;1290;0,063537099;81,96285788
21005A00-;HOTEL COMMUNAL;Etterbeek;1290;0,079786777;102,924942
21005A29-;CINQUANTENAIRE (PARC);Etterbeek;1290;0;0
21005A12-;SAINT-ANTOINE;Etterbeek;1290;0,145473304;187,6605623
21005A22-;PORTE DE TERVUEREN - L. DE LAN;Etterbeek;1290;0,023170837;29,89037916
21005A21-;PORTE DE TERVUEREN - BRAFFORT;Etterbeek;1290;0,014831055;19,13206087
21006A12-;GERMINAL I;Evere;615;0,017001157;10,45571148
21006A11-;OASIS - PROVENCE - LANGUEDOC;Evere;615;0,021477793;13,20884261
21006A153;KEET;Evere;615;0,029525678;18,15829184
21006A13-;MAISON COMMUNALE;Evere;615;0,034907701;21,468236
21006A02-;IEDER ZIJN HUIS - STROOBANTS;Evere;615;0,013329309;8,197525275
21006A073;GARE DE FORMATION;Evere;615;0;0
21006A03-;BLOCS SAINT-VINCENT;Evere;615;0,017655048;10,85785423
21006A094;BON PASTEUR;Evere;615;0,009707761;5,970273125
21006A515;CARLI;Evere;615;0,027211911;16,73532518
21006A24-;IEDER ZIJN HUIS - ZAVENTEM;Evere;615;0,012926915;7,950052814
21006A403;QUARTIER CICERO;Evere;615;0,047834616;29,41828882
21006A474;COMMUNAUTES;Evere;615;0,027916101;17,16840199
21006A201;HAUT-EVERE;Evere;615;0,061817816;38,01795684
21006A272;QUARTIER GROSJEAN;Evere;615;0,001358081;0,835219556
21006A21-;HOME FAMILIAL BRABANT;Evere;615;0,026708918;16,42598461
21006A23-;DU BONHEUR;Evere;615;0,069614205;42,81273578
21006A37-;ZONE INDUSTRIELLE;Evere;615;0,00422514;2,598460842
21006A312;J. BORDET (AVENUE DE);Evere;615;0,013379609;8,228459333
21006A101;CONSCIENCE;Evere;615;0,10769076;66,22981741
21006A001;VIEIL EVERE;Evere;615;0,075650118;46,5248227
21006A414;P. DUPONT (RUE);Evere;615;0,076756702;47,20537196
21006A171;ANCIEN COMBATTANTS (AVENUE);Evere;615;0,016045471;9,867964388
21006A25-;GIBET;Evere;615;0,022785574;14,01312811
21006A48-;CIMETIERE BRUXELLES;Evere;615;0,000653891;0,402142749
21006A22-;SAINT-EXUPERY;Evere;615;0,049242996;30,28444243
21006A011;CENTRE;Evere;615;0,069060912;42,47246114
21006A142;ED. DEKNOOP (RUE);Evere;615;0,031034656;19,08631357
21006A042;KERKHOEK;Evere;615;0,030028671;18,46763241
21006A052;CHAMP DE REPOS;Evere;615;0,063175897;38,8531764
21006A323;GERMINAL II;Evere;615;0,018308938;11,25999698
21007A03-;FOYER FORESTOIS - FAMILLE;Forest;1382;0,018689534;25,8289358
21007A252;MESSIDOR II;Forest;1382;0,003847845;5,317722076
21007A201;ROOSENDAEL (RUE);Forest;1382;0,04192319;57,93784814
21007A21-;MAGNANERIE;Forest;1382;0,008025506;11,0912489
21007A291;FOREST NATIONAL - STADE;Forest;1382;0,000146585;0,202579889
21007A242;GLOBE;Forest;1382;0,009857813;13,62349751
21007A75-;TOURNOI (RUE DU);Forest;1382;0,01729698;23,90442685
21007A814;VILLAS - MONT KEMMEL;Forest;1382;0,003334799;4,608692466
21007A111;MESSIDOR I;Forest;1382;0,009931105;13,72478745
21007A41-;PONT DE LUTTRE-OUEST;Forest;1382;0,009418059;13,01575784
21007A142;MONTE CARLO;Forest;1382;0,025652301;35,4514805
21007A53-;WIELEMANS CEUPPENS;Forest;1382;0,050315157;69,53554676
21007A50-;BERANGER;Forest;1382;0,057717678;79,76583113
21007A51-;CHATAIGNE;Forest;1382;0,017810026;24,61345646
21007A552;REINE MARIE-HENRIETTE;Forest;1382;0,00513046;7,090296101
21007A541;LYCEE;Forest;1382;0,011470243;15,85187628
21007A61-;MONTENEGRO (RUE);Forest;1382;0,094363823;130,4108033
21007A06-;KATANGA;Forest;1382;0,01311932;18,13090003
21007A04-;FOYER FORESTOIS - MADELON;Forest;1382;0,006669598;9,217384931
21007A00-;CENTRE SAINT-DENIS;Forest;1382;0,063764292;88,12225154
21007A101;BOURGOGNE;Forest;1382;0,050388449;69,6368367
21007A783;PARC DE FOREST;Forest;1382;0,009088244;12,55995309
21007A373;CHARROI (RUE DE);Forest;1382;0,000256523;0,354514805
21007A071;BOLLINCKX;Forest;1382;0,022647318;31,29859279
21007A70-;ALTITUDE  CENT;Forest;1382;0,053283495;73,6377895
21007A239;NEPTUNE (AVENUE) I;Forest;1382;0,049399003;68,26942246
21007A05-;NEERSTALLE;Forest;1382;0,018579595;25,67700088
21007A082;BEMPT;Forest;1382;0,000769569;1,063544415
21007A01-;CURE D'ARS;Forest;1382;0,023123717;31,95697743
21007A132;DENAYER (RUE);Forest;1382;0,003151568;4,355467605
21007A52-;VAN VOLXEM - PETITE INDUSTRIE;Forest;1382;0,018872765;26,08216066
21007A40-;PONT DE LUTTRE;Forest;1382;0,038844914;53,68367048
21007A02-;STUART MERRIL;Forest;1382;0,010920551;15,0922017
21007A12-;HAVESKERCKE;Forest;1382;0,004544122;6,279976546
21007A60-;SAINT-ANTOINE;Forest;1382;0,084176195;116,331501
21007A73-;BERCKENDAEL (RUE);Forest;1382;0,038991498;53,88625037
21007A72-;MOLIERE;Forest;1382;0,079888596;110,4060393
21007A71-;CHAUSSEE D'ALSEMBERG;Forest;1382;0,023710056;32,76729698
21007A79-;PARC DUDEN;Forest;1382;0,000146585;0,202579889
21008A31-;TOUSSAINT;Ganshoren;447;0,018392542;8,221466364
21008A30-;LE HOME;Ganshoren;447;0,051734274;23,12522046
21008A00-;CENTRE;Ganshoren;447;0,045855379;20,4973545
21008A38-;PARC DE RIVIEREN;Ganshoren;447;8,39842E-05;0,037540942
21008A27-;NESTOR MARTIN;Ganshoren;447;0;0
21008A220;VILLAS DE GANSHOREN (OUEST);Ganshoren;447;0,111699001;49,92945326
21008A02-;SIPPELBERG;Ganshoren;447;0,127991938;57,21239607
21008A34-;PARC ALBERT;Ganshoren;447;0,025195263;11,26228269
21008A35-;CHARTE;Ganshoren;447;0,014193332;6,344419249
21008A240;REFORME;Ganshoren;447;0,052238179;23,35046611
21008A23-;DE MESMAEKER;Ganshoren;447;0,011085916;4,955404384
21008A20-;CHARLES-QUINT;Ganshoren;447;0,170823885;76,35827664
21008A29-;RIVIERE MOLENBEEK;Ganshoren;447;0;0
21008A01-;VAN PAGE-SUD;Ganshoren;447;0,026035105;11,63769211
21008A33-;VAN PAGE-NORD;Ganshoren;447;0,047451079;21,2106324
21008A32-;HEIDEKEN;Ganshoren;447;0,061644411;27,55505165
21008A10-;PLATEAU;Ganshoren;447;0,135718485;60,66616276
21008A19-;BASILIQUE;Ganshoren;447;0;0
21008A21-;MAIL;Ganshoren;447;0,097841606;43,73519778
21009A20-;PETITE SUISSE (PLACE DE LA);Ixelles;2216;0,038038109;84,29244884
21009A23-;ETOILE (ROND POINT DE L');Ixelles;2216;0,025170548;55,7779346
21009A623;KLAUWAERTS;Ixelles;2216;0,003834392;8,497012468
21009A90-;SAINT-PHILIPPE DE NERI;Ixelles;2216;0,018301576;40,55629264
21009A652;HOPITAUX;Ixelles;2216;0,034109621;75,58692072
21009A501;LUXEMBOURG (PLACE DE);Ixelles;2216;0,004422489;9,800235239
21009A552;PORTE DE NAMUR;Ixelles;2216;0,018725006;41,49461303
21009A542;EGLISE ANGLICANE;Ixelles;2216;0,00764526;16,94189602
21009A051;SAINT-BONIFACE;Ixelles;2216;0,016090332;35,65617502
21009A041;ARBRE BENIT;Ixelles;2216;0,027193602;60,26102094
21009A00-;CENTRE;Ixelles;2216;0,030910374;68,49738885
21009A02-;MUSEE;Ixelles;2216;0,040084686;88,82766408
21009A101;FLAGEY (PLACE);Ixelles;2216;0,020042343;44,41383204
21009A03-;ERMITAGE;Ixelles;2216;0,021924253;48,58414491
21009A13-;GACHARD;Ixelles;2216;0,016584333;36,75088215
21009A121;GENERAL DE GAULLE;Ixelles;2216;0,013855563;30,70392849
21009A63-;MACAU;Ixelles;2216;0,030533992;67,66332628
21009A602;BELVEDERE;Ixelles;2216;0,004657728;10,32152435
21009A42-;RENIER CHALON;Ixelles;2216;0,030251705;67,03777935
21009A40-;MELEZES;Ixelles;2216;0,020983298;46,49898847
21009A301;BOONDAEL-NORD;Ixelles;2216;0,01067984;23,66652552
21009A812;SCHOOLGAT;Ixelles;2216;0,00533992;11,83326276
21009A33-;SAINT-ADRIEN;Ixelles;2216;0,042178311;93,46713714
21009A34-;STADE COMMUNAL;Ixelles;2216;0,005528111;12,25029405
21009A21-;ETE;Ixelles;2216;0,045118796;99,983251
21009A43-;FERNAND NEURAY;Ixelles;2216;0,020653964;45,76918372
21009A41-;SAINT-GEORGES;Ixelles;2216;0,025899788;57,39393084
21009A83-;L. ERNOTTE (RUE);Ixelles;2216;0,012044225;26,69000235
21009A52-;GRAY (RUE);Ixelles;2216;0,043072218;95,44803576
21009A2MJ;CAMPUS UNIVERSITAIRE;Ixelles;2216;0,010021171;22,20691602
21009A44-;PREVOT;Ixelles;2216;0,024441308;54,16193837
21009A712;CHATELAIN (PLACE DU)-OUEST;Ixelles;2216;0,010162315;22,51968948
21009A72-;DEFACQZ;Ixelles;2216;0,020371677;45,14363679
21009A911;A. DELPORTE-SUD;Ixelles;2216;0,019101388;42,32867561
21009A311;TREILLE (RUE DE LA);Ixelles;2216;0,003693249;8,184239003
21009A802;BOONDAEL-SUD;Ixelles;2216;0,003293343;7,298047518
21009A82-;FORET;Ixelles;2216;0,01213832;26,898518
21009A111;WERY (RUE);Ixelles;2216;0,037944013;84,08393319
21009A01-;BLYCKAERTS;Ixelles;2216;0,025593978;56,716255
21009A22-;UNIVERSITE;Ixelles;2216;0,043330981;96,02145378
21009A53-;LONDRES (PLACE DE);Ixelles;2216;0,043495648;96,38635615
21009A512;WIERTZ;Ixelles;2216;0,002987532;6,620371677
21009A593;QUARTIER LEOPOLD;Ixelles;2216;0;0
21009A612;LIEGEOIS (RUE);Ixelles;2216;0,03434486;76,10820983
21009A151;A. DELPORTE-NORD;Ixelles;2216;0,011738414;26,01232651
21009A922;CASERNE (Ixelles);Ixelles;2216;0,003904964;8,6533992
21009A29-;CIMETIERE;Ixelles;2216;2,35239E-05;0,052128911
21009A73-;BERCKENDAEL;Ixelles;2216;0,029687132;65,78668549
21009A451;CHATELAIN (PLACE DU)-EST;Ixelles;2216;0,027146554;60,15676311
21009A192;ETANGS;Ixelles;2216;2,35239E-05;0,052128911
21010A393;SACRE-COEUR;Jette;1131;0,001864192;2,108400762
21010A04-;NOTRE-DAME DE LOURDES;Jette;1131;0,086863398;98,24250357
21010A092;PARC DE LA JEUNESSE;Jette;1131;0;0
21010A03-;MIROIR;Jette;1131;0,066753927;75,4986911
21010A182;DIELEGEM (BOIS DE);Jette;1131;3,96637E-05;0,044859591
21010A10-;ANCIENNE BARRIERE;Jette;1131;0,042043471;47,55116611
21010A121;F. MOHRFELD (RUE DE);Jette;1131;0,024472473;27,67836744
21010A111;HEYMBOSCH;Jette;1131;0,053942567;61,00904331
21010A312;BAECK DUPRE;Jette;1131;0,019078217;21,57746311
21010A4MJ;VUB;Jette;1131;0,00118991;1,34578772
21010A1AJ;ARBRE BALLON;Jette;1131;0,058226241;65,85387911
21010A05-;ALBERT (QUARTIER);Jette;1131;0,113953673;128,881604
21010A493;LAERBEEK (BOIS DE);Jette;1131;0,000356973;0,403736316
21010A13-;CITE-JARDIN;Jette;1131;0,083928288;94,92289386
21010A00-;CENTRE;Jette;1131;0,117404411;132,7843884
21010A141;BRUGMANN;Jette;1131;0,077780422;87,96965731
21010A01-;ESSEGHEM;Jette;1131;0,091028082;102,9527606
21010A21-;MADELEINE;Jette;1131;0,074884975;84,69490719
21010A02-;LEOPOLD I;Jette;1131;0,084840552;95,95466445
21011A11-;LEPREUX;Koekelberg;580;0,093792851;54,39985373
21011A30-;ARCHERS - FOUREZ;Koekelberg;580;0,129536521;75,13118201
21011A20-;PLATEAU;Koekelberg;580;0,168388335;97,66523448
21011A10-;PAIX (AVENUE DE LA);Koekelberg;580;0,113721547;65,95849712
21011A01-;SAINTE-ANNE;Koekelberg;580;0,195904562;113,6246458
21011A02-;JACQUET (RUE DE);Koekelberg;580;0,100009142;58,00530213
21011A00-;VANHUFFEL;Koekelberg;580;0,109607825;63,57253862
21011A12-;BASILIQUE;Koekelberg;580;0,088673553;51,43066094
21011A29-;PARC ELISABETH;Koekelberg;580;0;0
21012A552;PFEIFFER;Molenbeek Saint-Jean;1560;0,013383144;20,87770434
21012A833;ELBERS;Molenbeek Saint-Jean;1560;0,003509996;5,475594236
21012A84-;METTEWIE-BUILDINGS;Molenbeek Saint-Jean;1560;0,020259452;31,60474568
21012A24-;OSSEGHEM;Molenbeek Saint-Jean;1560;0,035777331;55,81263599
21012A26-;MACHTENS-NORD;Molenbeek Saint-Jean;1560;0,036495751;56,93337165
21012A29-;MARIE-JOSE (PARC);Molenbeek Saint-Jean;1560;0;0
21012A25-;BEEKKANT;Molenbeek Saint-Jean;1560;0,008456833;13,1926598
21012A172;GARE OUEST;Molenbeek Saint-Jean;1560;0,011679461;18,21995977
21012A041;QUATRE VENTS;Molenbeek Saint-Jean;1560;0,022373661;34,90291063
21012A10-;DUCHESSE DE BRABANT;Molenbeek Saint-Jean;1560;0,027382076;42,71603925
21012A00-;CENTRE;Molenbeek Saint-Jean;1560;0,026540498;41,40317747
21012A05-;SAINT-JOSEPH;Molenbeek Saint-Jean;1560;0,011925777;18,604212
21012A59-;KARREVELD;Molenbeek Saint-Jean;1560;0,000225789;0,352231208
21012A851;CONDOR;Molenbeek Saint-Jean;1560;0,013095776;20,42941007
21012A882;DARING;Molenbeek Saint-Jean;1560;0,005624205;8,773759186
21012A22-;BRASILIA;Molenbeek Saint-Jean;1560;0,002565787;4,002627366
21012A13-;BIRMINGHAM-NORD;Molenbeek Saint-Jean;1560;0,016831561;26,25723552
21012A12-;BIRMINGHAM-SUD;Molenbeek Saint-Jean;1560;0,015025247;23,43938585
21012A672;ULENS;Molenbeek Saint-Jean;1560;0,028223655;44,02890102
21012A60-;LAEKENVELD;Molenbeek Saint-Jean;1560;0,051746788;80,72498871
21012A63-;DUBRUCQ-NORD;Molenbeek Saint-Jean;1560;0,023974712;37,4005501
21012A62-;LIBERATEURS;Molenbeek Saint-Jean;1560;0,057760992;90,10714726
21012A511;STEYNS;Molenbeek Saint-Jean;1560;0,030563652;47,67929718
21012A20-;BAECK;Molenbeek Saint-Jean;1560;0,019643664;30,64411511
21012A72-;LAVALLEE;Molenbeek Saint-Jean;1560;0,029147338;45,46984687
21012A611;MEXICO;Molenbeek Saint-Jean;1560;0,018678928;29,13912722
21012A53-;SIPPELBERG;Molenbeek Saint-Jean;1560;0,003612628;5,635699331
21012A54-;DELHAIZE;Molenbeek Saint-Jean;1560;0,033663122;52,51447104
21012A50-;BENES;Molenbeek Saint-Jean;1560;0,032390492;50,52916786
21012A71-;PIERS;Molenbeek Saint-Jean;1560;0,043782585;68,30083337
21012A21-;MARIE-JOSE BLOCS;Molenbeek Saint-Jean;1560;0,016687877;26,03308839
21012A2MJ;CHEMIN DE FER;Molenbeek Saint-Jean;1560;0,000677368;1,056693625
21012A152;ETANGS NOIRS;Molenbeek Saint-Jean;1560;0,062851513;98,04835995
21012A52-;NEEP (QUARTIER DU);Molenbeek Saint-Jean;1560;0,038055749;59,36696909
21012A39-;DE RAEDT;Molenbeek Saint-Jean;1560;0,000636315;0,992651587
21012A30-;METTEWIE - IDYLLE;Molenbeek Saint-Jean;1560;0,021306293;33,23781764
21012A23-;MACHTENS-SUD;Molenbeek Saint-Jean;1560;0,034217332;53,37903855
21012A41-;MOORTEBEEK;Molenbeek Saint-Jean;1560;0,016010509;24,97639476
21012A822;KORENBEEK;Molenbeek Saint-Jean;1560;0,047662055;74,35280594
21012A811;MYRTES-NORD;Molenbeek Saint-Jean;1560;0,009791042;15,27402603
21012A141;INDEPENDANCE;Molenbeek Saint-Jean;1560;0,028264707;44,09294306
21012A03-;RANSFORT;Molenbeek Saint-Jean;1560;0,019848926;30,9643253
21012A11-;INDUSTRIE;Molenbeek Saint-Jean;1560;0,016010509;24,97639476
21012A02-;BRUNFAUT (QUARTIER);Molenbeek Saint-Jean;1560;0,008662096;13,51286999
21012A011;CANAL-SUD;Molenbeek Saint-Jean;1560;0,01412209;22,03046102
21012A732;CANAL-NORD;Molenbeek Saint-Jean;1560;0,015004721;23,40736483
21013A242;BETHLEEM (PLACE DE);Saint-Gilles;1857;0,038896158;72,23016534
21013A102;PARVIS;Saint-Gilles;1857;0,009040086;16,78743904
21013A101;PARVIS;Saint-Gilles;1857;0,050394513;93,58260973
21013A13-;DETHY (RUE);Saint-Gilles;1857;0,046389913;86,14606875
21013A121;GUILLAUME TELL-SUD;Saint-Gilles;1857;0,018080171;33,57487808
21013A422;CRICKX (RUE);Saint-Gilles;1857;0,059513897;110,517307
21013A11-;PARME (RUE DE);Saint-Gilles;1857;0,032829785;60,96491019
21013A01-;ESPAGNE (RUE D');Saint-Gilles;1857;0,0632806;117,5120733
21013A04-;PRISON;Saint-Gilles;1857;0,033028032;61,33305579
21013A623;FRANCE (RUE DE);Saint-Gilles;1857;0,001348083;2,503390032
21013A201;ANGLETERRE (RUE D');Saint-Gilles;1857;0,050394513;93,58260973
21013A252;DANEMARK (RUE DE);Saint-Gilles;1857;0,042781809;79,44581896
21013A23-;ROI (AVENUE DU);Saint-Gilles;1857;0,029975021;55,66361366
21013A02-;CAPOUILLET (RUE);Saint-Gilles;1857;0,059989691;111,4008564
21013A2MJ;GARE DU MIDI;Saint-Gilles;1857;0,000634392;1,178065897
21013A612;JAMAR;Saint-Gilles;1857;0,011141509;20,68978232
21013A22-;REGIES;Saint-Gilles;1857;0,078823203;146,3746878
21013A211;FONTAINAS;Saint-Gilles;1857;0,044922882;83,42179136
21013A052;FAIDER (RUE);Saint-Gilles;1857;0,026485865;49,18425122
21013A151;METAL (RUE DU);Saint-Gilles;1857;0,038658261;71,78839063
21013A522;RUE D'ECOSSE;Saint-Gilles;1857;0,038103168;70,75758297
21013A40-;BARRIERE;Saint-Gilles;1857;0,043059355;79,96122279
21013A41-;VILLAS (AVENUE DES);Saint-Gilles;1857;0,05213909;96,82229095
21013A031;AMAZONE (RUE DE);Saint-Gilles;1857;0,025811823;47,9325562
21013A00-;HOTEL DE VILLE;Saint-Gilles;1857;0,067919591;126,1266801
21013A51-;TOISON D'OR (AVENUE);Saint-Gilles;1857;0,035327703;65,60354467
21014A00-;PLACE SAINT-JOSSE;Saint-Josse-ten-Noode;1089;0,121577141;132,3975068
21014A02-;CHARITE;Saint-Josse-ten-Noode;1089;0,065130611;70,9272358
21014A14-;PRAIRIE;Saint-Josse-ten-Noode;1089;0,050703831;55,21647174
21014A2MJ;NORD;Saint-Josse-ten-Noode;1089;0,000140066;0,15253169
21014A41-;BOSSUET;Saint-Josse-ten-Noode;1089;0,147349254;160,4633378
21014A10-;SAINT-FRANCOIS;Saint-Josse-ten-Noode;1089;0,094264304;102,6538273
21014A13-;ROGIER;Saint-Josse-ten-Noode;1089;0;0
21014A03-;MADOU;Saint-Josse-ten-Noode;1089;0,042229848;45,9883045
21014A12-;SAINT-LAZARE;Saint-Josse-ten-Noode;1089;0,014846978;16,16835913
21014A01-;STEURS;Saint-Josse-ten-Noode;1089;0,040408992;44,00539253
21014A04-;HAECHT (CHAUSSEE DE);Saint-Josse-ten-Noode;1089;0,119406121;130,0332656
21014A05-;HOUWAERT;Saint-Josse-ten-Noode;1089;0,278450872;303,2329995
21014A18-;JARDIN BOTANIQUE;Saint-Josse-ten-Noode;1089;0;0
21014A3MJ;MANHATTAN;Saint-Josse-ten-Noode;1089;0,020449611;22,26962672
21015A50-;OPALE;Schaerbeek;3276;0,036875442;120,8039478
21015A77-;R.T.B.;Schaerbeek;3276;0,018896595;61,90524621
21015A73-;H. EVENEPOEL (RUE);Schaerbeek;3276;0,010215596;33,46629154
21015A782;CIMETIERE DE SAINT-JOSSE;Schaerbeek;3276;0,002151444;7,048129147
21015A31-;PATRIE;Schaerbeek;3276;0,019092181;62,54598523
21015A36-;CAMBIER (AVENUE E.);Schaerbeek;3276;0,014217582;46,57679751
21015A70-;P. HYMANS (RUE);Schaerbeek;3276;0,014052086;46,03463373
21015A721;F. COURTENS (AVENUE);Schaerbeek;3276;0,006785322;22,228715
21015A822;CH. GILISQUET - SUD (AVENUE);Schaerbeek;3276;0,003249733;10,64612514
21015A7MJ;JOSAPHAT GARE;Schaerbeek;3276;4,51352E-05;0,147862849
21015A34-;PAQUERETTES (RUE);Schaerbeek;3276;0,012066138;39,52866836
21015A63-;DESCHANEL P. (AVENUE);Schaerbeek;3276;0,011795327;38,64149127
21015A883;THEUNIS PIERRE (RUE);Schaerbeek;3276;0,00371613;12,17404125
21015A811;TERDELT;Schaerbeek;3276;0,009704064;31,79051259
21015A831;LATINIS (AVENUE G.);Schaerbeek;3276;0,026825342;87,87982006
21015A03-;JOSAPHAT (RUE);Schaerbeek;3276;0,040501301;132,6822634
21015A021;HOUFFALIZE (PLACE);Schaerbeek;3276;0,027276694;89,35844855
21015A30-;GRANDE RUE AU BOIS;Schaerbeek;3276;0,027231559;89,2105857
21015A32-;CONSOLATION (RUE DE LA);Schaerbeek;3276;0,021875517;71,66419426
21015A64-;DUPLOYE SQUARE;Schaerbeek;3276;0,023018942;75,41005311
21015A33-;BIENFAITEURS (PLACE DE);Schaerbeek;3276;0,018445244;60,42661772
21015A35-;JEAN STOBBAERTS (AVENUE);Schaerbeek;3276;0,015902628;52,09701055
21015A53-;DAILLY (PLACE);Schaerbeek;3276;0,025802278;84,52826215
21015A54-;EMERAUDE (AVENUE);Schaerbeek;3276;0,036890487;120,8532354
21015A52-;LINTHOUT (RUE);Schaerbeek;3276;0,020205516;66,19326884
21015A51-;CERISIERS (AVENUE DES);Schaerbeek;3276;0,012096228;39,62724359
21015A05-;ROYALE SAINTE-MARIE (RUE);Schaerbeek;3276;0,035551477;116,4666376
21015A12-;HUART HAMOIR (AVENUE);Schaerbeek;3276;0,017843441;58,45511306
21015A152;PR. ELISABETH-NORD;Schaerbeek;3276;0,027276694;89,35844855
21015A101;GARE;Schaerbeek;3276;0,014413167;47,21753652
21015A111;MAETERLINCK;Schaerbeek;3276;0,021454255;70,284141
21015A142;SAINTE-FAMILLE;Schaerbeek;3276;0,001564686;5,125912107
21015A622;BRUSILIA;Schaerbeek;3276;0,006905683;22,62301593
21015A71-;JARDINS;Schaerbeek;3276;0,011133344;36,47283614
21015A04-;L'OLIVIER (RUE);Schaerbeek;3276;0,037973731;124,4019438
21015A39-;JOSAPHAT (PARC);Schaerbeek;3276;7,52253E-05;0,246438082
21015A421;PALAIS (RUE DE);Schaerbeek;3276;0,015195511;49,78049258
21015A40-;BRABANT (RUE DE);Schaerbeek;3276;0,029578588;96,89945386
21015A43-;GARE DU NORD;Schaerbeek;3276;0,014638843;47,95685077
21015A44-;REINE (AVENUE);Schaerbeek;3276;0,026509396;86,84478012
21015A41-;VANDERLINDEN (RUE);Schaerbeek;3276;0,026584621;87,0912182
21015A612;BRICHAUT (RUE DE);Schaerbeek;3276;0,032933636;107,8905923
21015A45-;STEPHENSON (PLACE);Schaerbeek;3276;0,012532535;41,05658447
21015A00-;COLIGNON (PLACE);Schaerbeek;3276;0,058058886;190,2009117
21015A01-;VAN YSENDYCK (RUE);Schaerbeek;3276;0,007748206;25,38312245
21015A24-;WAELHEM (RUE);Schaerbeek;3276;0,020957769;68,65764966
21015A13-;PORTAELS (RUE);Schaerbeek;3276;0,017061098;55,89215701
21015A22-;MARBOTIN A. (RUE);Schaerbeek;3276;0,026042999;85,31686401
21015A272;HOPITAL P. BRIEN;Schaerbeek;3276;0,002031083;6,653828216
21015A231;J. BLOCKX (RUE);Schaerbeek;3276;0,012336949;40,41584546
21015A20-;HELMET;Schaerbeek;3276;0,043269592;141,7511848
21015A21-;GUIDO GEZELLE (RUE);Schaerbeek;3276;0,015977854;52,34344863
21016A901;CENTRE-OUEST;Uccle;1460;0,024395941;35,61807376
21016A81-;BASCULE;Uccle;1460;0,039111365;57,10259272
21016A82-;CHURCHILL;Uccle;1460;0,059484571;86,84747346
21016A232;BEAU SEJOUR;Uccle;1460;0,018712206;27,3198204
21016A831;LONGCHAMP;Uccle;1460;0,035036724;51,15361657
21016A111;VERT CHASSEUR;Uccle;1460;0,012120111;17,69536218
21016A841;ZEECRABBE;Uccle;1460;0,005216579;7,616205134
21016A85-;BRUGMANN;Uccle;1460;0,020996081;30,65427837
21016A042;ECHEVINAGE;Uccle;1460;0,005813501;8,487711194
21016A03-;COGHEN;Uccle;1460;0,035036724;51,15361657
21016A02-;ALSEMBERG-NORD;Uccle;1460;0,047909475;69,94783421
21016A922;WOLVENBERG;Uccle;1460;0,014014689;20,46144663
21016A912;GLOBE-OUEST;Uccle;1460;0,013132283;19,17313332
21016A933;VOSSEGAT-OUEST;Uccle;1460;0,034284083;50,0547611
21016A731;ROETAERT;Uccle;1460;0,00638447;9,321325686
21016A701;MERLO;Uccle;1460;0,031974254;46,68241156
21016A772;ZWARTEBEEK;Uccle;1460;0,008305001;12,12530171
21016A72-;MELKRIEK;Uccle;1460;0,009395033;13,71674755
21016A71-;KEIENBEMPT;Uccle;1460;0,020970128;30,61638681
21016A13-;OBSERVATOIRE;Uccle;1460;7,78594E-05;0,113674703
21016A383;FORET DE SOIGNES LORRAINE-W.;Uccle;1460;0;0
21016A954;VOSSEGAT-EST;Uccle;1460;0,003892969;5,683735174
21016A331;CHAUSSEE DE WATERLOO-OUEST;Uccle;1460;0,003763204;5,494277335
21016A80-;VANDERKINDERE;Uccle;1460;0,032311645;47,17500195
21016A225;PTOLEMEE;Uccle;1460;0,00596922;8,715060601
21016A64-;MOLENSTEEN;Uccle;1460;0,025849316;37,74000156
21016A05-;LE CHAT;Uccle;1460;0,050504788;73,73699099
21016A39-;FORET DE SOIGNES LORRAINE-EST;Uccle;1460;0,000155719;0,227349407
21016A692;CIMETIERE - ST.-GILLES;Uccle;1460;2,59531E-05;0,037891568
21016A533;MOENSBERG;Uccle;1460;0,007656173;11,17801251
21016A943;SEPT-BONNIERS;Uccle;1460;0,011808674;17,24066336
21016A65-;ALSEMBERG-SUD;Uccle;1460;0,013469674;19,6657237
21016A601;BOURDON;Uccle;1460;0,01393683;20,34777192
21016A620;KRIEKENPUT;Uccle;1460;0,013339908;19,47626586
21016A01-;DIEWEG;Uccle;1460;0,049181179;71,80452104
21016A00-;GLOBE-EST;Uccle;1460;0,054034414;78,89024422
21016A193;WOLVENDAEL;Uccle;1460;0;0
21016A102;GROESELENBERG;Uccle;1460;0,02488905;36,33801355
21016A12-;HAMOIR;Uccle;1460;0,027432457;40,05138719
21016A44-;PECHERIE;Uccle;1460;0,030546832;44,59837533
21016A214;ASTRONOMES;Uccle;1460;0,005917313;8,639277465
21016A322;CHAUSSEE DE WATERLOO-EST;Uccle;1460;0,010485064;15,3081934
21016A400;SAINT-JOB;Uccle;1460;0,033453583;48,84223093
21016A429;CARLOO;Uccle;1460;0,021618956;31,563676
21016A410;ALPHONSE XIII;Uccle;1460;0,011056033;16,14180789
21016A490;KAUWBERG;Uccle;1460;0,004801329;7,009940048
21016A639;HOMBORCH;Uccle;1460;0,028885832;42,17331499
21016A610;ENGELAND;Uccle;1460;0,006124938;8,942410008
21016A521;VERREWINKEL;Uccle;1460;0,005839454;8,525602761
21016A342;FOND;Uccle;1460;0,040045678;58,46668916
21016A311;FORT JACO;Uccle;1460;0,019335081;28,22921803
21017A512;VANDER ELST - BIEN FAIRE;Watermael-Boitsfort;317;0,045860529;14,5377877
21017A541;LOUTRIER - WIENER;Watermael-Boitsfort;317;0,034953624;11,08029887
21017A192;STADE DES TROIS TILLEULS;Watermael-Boitsfort;317;0,000687049;0,217794572
21017A635;PRINCES BRABANCONS;Watermael-Boitsfort;317;0,018292683;5,798780488
21017A11-;FLOREAL;Watermael-Boitsfort;317;0,054448643;17,26021986
21017A240;SOUVERAIN-OUEST;Watermael-Boitsfort;317;0,033665407;10,67193404
21017A230;BEGUINETTES;Watermael-Boitsfort;317;0,054362762;17,23299553
21017A220;LE LOGIS-SUD;Watermael-Boitsfort;317;0,02559258;8,112847819
21017A443;VILLE-ET-FORET - ELAN;Watermael-Boitsfort;317;0,02859842;9,065699072
21017A41-;AVENUE DE VISE;Watermael-Boitsfort;317;0,064410855;20,41824115
21017A523;MARTIN-PECHEUR;Watermael-Boitsfort;317;0,059257987;18,78478186
21017A613;AVENUE DE TERCOIGNE;Watermael-Boitsfort;317;0,00523875;1,660683614
21017A696;HERONNIERE;Watermael-Boitsfort;317;0,003692889;1,170645826
21017A624;PECHERIES;Watermael-Boitsfort;317;0,046891103;14,86447956
21017A534;RUE DES BEGONIAS;Watermael-Boitsfort;317;0,01356922;4,301442803
21017A501;CENTRE DE WATERMAEL;Watermael-Boitsfort;317;0,01657506;5,254294057
21017A421;WATERMAEL - STATION;Watermael-Boitsfort;317;0,005754036;1,824029543
21017A432;DRIES;Watermael-Boitsfort;317;0,045259361;14,34721745
21017A021;DREVE DES EQUIPAGES;Watermael-Boitsfort;317;0,014513913;4,60091034
21017A01-;COIN DU BALAI;Watermael-Boitsfort;317;0,050498111;16,00790106
21017A12-;LE LOGIS-NORD;Watermael-Boitsfort;317;0,084850567;26,89762968
21017A08-;SOUVERAIN-EST;Watermael-Boitsfort;317;0,007385778;2,341291652
21017A13-;BOULEAUX;Watermael-Boitsfort;317;0,050326348;15,95345242
21017A212;AVENUE DE LA TENDERIE;Watermael-Boitsfort;317;0,070937822;22,48728959
21017A000;CENTRE DE BOITSFORT;Watermael-Boitsfort;317;0,043885263;13,91162831
21017A09-;FORET DE SOIGNES;Watermael-Boitsfort;317;0,000429406;0,136121608
21017A451;FUTAIE;Watermael-Boitsfort;317;0,05273102;16,71573342
21017A472;ZONING DE BUREAUX-NORD;Watermael-Boitsfort;317;0,00077293;0,245018894
21017A374;ZONING DE BUREAUX-SUD;Watermael-Boitsfort;317;0,011593954;3,675283408
21017A041;DREVE DU DUC;Watermael-Boitsfort;317;0,035812436;11,35254208
21017A031;AVENUE DELLEUR;Watermael-Boitsfort;317;0,005582274;1,7695809
21017A312;CLOS DES CHENES;Watermael-Boitsfort;317;0,006612848;2,096272759
21017A323;DREVE DES TUMULI;Watermael-Boitsfort;317;0,004036414;1,279543112
21017A393;ETANGS DE BOITSFORT;Watermael-Boitsfort;317;0,001545861;0,490037788
21017A382;FORESTERIE;Watermael-Boitsfort;317;0;0
21018A20-;GEORGES HENRI (AVENUE);Woluwe Saint-Lambert;1060;0,059797503;63,38535323
21018A72-;ROGATIONS;Woluwe Saint-Lambert;1060;0,044686358;47,36753959
21018A21-;DE BROQUEVILLE (AVENUE)-NORD;Woluwe Saint-Lambert;1060;0,051271315;54,3475944
21018A35-;HOF TEN BERG-NORD;Woluwe Saint-Lambert;1060;0,017889769;18,96315469
21018A34-;HOF TEN BERG-SUD;Woluwe Saint-Lambert;1060;0,020401949;21,62606577
21018A32-;CLOS DES PEUPLIERS;Woluwe Saint-Lambert;1060;0,008602314;9,118453106
21018A311;PARC SCHUMAN;Woluwe Saint-Lambert;1060;0,039205238;41,55755177
21018A33-;NEERVELD;Woluwe Saint-Lambert;1060;0,038139464;40,42783191
21018A22-;DE BROQUEVILLE (AVENUE)-SUD;Woluwe Saint-Lambert;1060;0,03067905;32,51979294
21018A512;QUARTIER DES PEINTRES;Woluwe Saint-Lambert;1060;0,029270706;31,02694884
21018A031;ABELOOS;Woluwe Saint-Lambert;1060;0,026339829;27,92021924
21018A04-;BEETEPUT;Woluwe Saint-Lambert;1060;0,03399056;36,02999391
21018A02-;SLEGERS (AVENUE);Woluwe Saint-Lambert;1060;0,023751523;25,17661389
21018A37-;COMMUNAUTES;Woluwe Saint-Lambert;1060;0,005633374;5,97137637
21018A63-;CONSTELLATIONS;Woluwe Saint-Lambert;1060;0,030031973;31,8338916
21018A05-;DRIES;Woluwe Saint-Lambert;1060;0,022000609;23,32064555
21018A61-;HEYDENBERG-EST;Woluwe Saint-Lambert;1060;0,0346757;36,75624239
21018A62-;HEYDENBERG-OUEST;Woluwe Saint-Lambert;1060;0,059607186;63,18361754
21018A24-;LAMBEAU (AVENUE);Woluwe Saint-Lambert;1060;0,038672351;40,99269184
21018A09-;RASANTE;Woluwe Saint-Lambert;1060;0,004986297;5,28547503
21018A30-;SAINTE-FAMILLE;Woluwe Saint-Lambert;1060;0,023180572;24,57140682
21018A643;DEUX MAISONS;Woluwe Saint-Lambert;1060;0,03193514;33,85124848
21018A60-;ROODEBEEK PARC;Woluwe Saint-Lambert;1060;0,012142205;12,87073691
21018A19-;STRUYCKBEKEN;Woluwe Saint-Lambert;1060;0,000304507;0,322777101
21018A81-;KAPELLEVELD-SUD;Woluwe Saint-Lambert;1060;0,011419001;12,10414129
21018A84-;KAPELLEVELD-NORD-EST;Woluwe Saint-Lambert;1060;0,014806638;15,69503654
21018A00-;TOMBERG;Woluwe Saint-Lambert;1060;0,02736754;29,00959196
21018A43-;ROODEBEEK;Woluwe Saint-Lambert;1060;0,020440012;21,66641291
21018A41-;EUROPE;Woluwe Saint-Lambert;1060;0,024817296;26,30633374
21018A42-;VERVLOESEM;Woluwe Saint-Lambert;1060;0,021353532;22,63474421
21018A01-;SAINT-LAMBERT;Woluwe Saint-Lambert;1060;0,017775579;18,84211328
21018A15-;LES SOURCES;Woluwe Saint-Lambert;1060;0,004186967;4,43818514
21018A14-;CHANCELLERIE;Woluwe Saint-Lambert;1060;0,021429659;22,71543849
21018A13-;GROOTVELD;Woluwe Saint-Lambert;1060;0,009820341;10,40956151
21018A12-;STOCKEL (CHAUSSEE DE);Woluwe Saint-Lambert;1060;0,024056029;25,49939099
21018A82-;MARIE LA MISERABLE;Woluwe Saint-Lambert;1060;0,011000305;11,66032278
21018A83-;KLAKKEDELLE;Woluwe Saint-Lambert;1060;0,017242692;18,27725335
21018A87-;SAINT-LUC;Woluwe Saint-Lambert;1060;0,019183922;20,33495737
21018A3MJ;GULLEDELLE;Woluwe Saint-Lambert;1060;0,066077954;70,04263094
21019A231;KELLE;Woluwe Saint-Pierre;581;0,024614122;14,30080509
21019A242;VENELLES;Woluwe Saint-Pierre;581;0,025075637;14,56894518
21019A252;MONTGOLFIER;Woluwe Saint-Pierre;581;0,030562535;17,75683298
21019A131;KONKEL;Woluwe Saint-Pierre;581;0,042408082;24,63909543
21019A12-;ESCRIME (AVENUE DE L');Woluwe Saint-Pierre;581;0,015127429;8,78903646
21019A45-;HELICE (AVENUE DE L');Woluwe Saint-Pierre;581;0,023691093;13,7645249
21019A52-;DUC (RUE);Woluwe Saint-Pierre;581;0,033382903;19,3954669
21019A51-;COLLEGE SAINT-MICHEL;Woluwe Saint-Pierre;581;0,044715656;25,97979591
21019A04-;EGGERICX (RUE);Woluwe Saint-Pierre;581;0,025383314;14,74770525
21019A03-;CAPITAINE PIRET (AVENUE);Woluwe Saint-Pierre;581;0,028665197;16,65447926
21019A02-;CLOS DU SOLEIL;Woluwe Saint-Pierre;581;0,007794472;4,528588278
21019A052;DON BOSCO;Woluwe Saint-Pierre;581;0,024357725;14,15183837
21019A001;CENTRE;Woluwe Saint-Pierre;581;0,038562125;22,40459464
21019A34-;EUROPE (QUARTIER DE L');Woluwe Saint-Pierre;581;0,027331932;15,87985232
21019A30-;EGLANTINES (AVENUE);Woluwe Saint-Pierre;581;0,023793652;13,82411158
21019A33-;MIMOSAS (AVENUE);Woluwe Saint-Pierre;581;0,043023435;24,99661556
21019A01-;BOULEVARD DE LA WOLUWE;Woluwe Saint-Pierre;581;0,0176914;10,27870366
21019A11-;MILLE METRES (AVENUE);Woluwe Saint-Pierre;581;0,025537152;14,83708528
21019A31-;BEMEL;Woluwe Saint-Pierre;581;0,030972771;17,99517973
21019A32-;CHANT D'OISEAU;Woluwe Saint-Pierre;581;0,062714733;36,43725963
21019A09-;WOLUWE (PARC DE);Woluwe Saint-Pierre;581;5,12794E-05;0,029793344
21019A35-;HORIZON (AVENUE);Woluwe Saint-Pierre;581;0,03630583;21,0936875
21019A28-;ETANGS MELLAERTS;Woluwe Saint-Pierre;581;0,002461412;1,430080509
21019A20-;SAINT-PAUL;Woluwe Saint-Pierre;581;0,031331727;18,20373314
21019A14-;VAL DE SEIGNEURS;Woluwe Saint-Pierre;581;0,041023537;23,83467514
21019A10-;STOCKEL;Woluwe Saint-Pierre;581;0,056407364;32,77267832
21019A21-;MANOIR;Woluwe Saint-Pierre;581;0,036767345;21,3618276
21019A40-;SAINTE-ALIX;Woluwe Saint-Pierre;581;0,07004769;40,69770781
21019A15-;KAPELLEVELD;Woluwe Saint-Pierre;581;0,037177581;21,60017435
21019A42-;SALOME AVENUE;Woluwe Saint-Pierre;581;0,028921594;16,80344598
21019A22-;PUTDAAL;Woluwe Saint-Pierre;581;0,01599918;9,295523306
21019A441;FAISANDERIE;Woluwe Saint-Pierre;581;0,010409723;6,048048818
21019A41-;CITE JOLI-BOIS;Woluwe Saint-Pierre;581;0,023998769;13,94328496
21019A43-;CORNICHE VERTE;Woluwe Saint-Pierre;581;0,012512179;7,269575919
21019A492;BOIS;Woluwe Saint-Pierre;581;5,12794E-05;0,029793344
21001C5PA;MEERVELD;Anderlecht;2370;0,001693693;4,014052622
21001C5MA;MEYLEMEERSCH;Anderlecht;2370;0,000737846;1,748696192
21001C6PB;ZONE RURALE;Anderlecht;2370;0,003672463;8,703737863
21001C6MB;MEYLEMEERSCH-EST;Anderlecht;2370;0;0
